Astronomical Low Tide,Astronomical High Tide,Avalanche,Blizzard,Coastal Flood,Cold/Wind Chill,Debris Flow,Dense Fog,Dense Smoke,Drought,Dust Devil,Dust Storm,Excessive Heat,Extreme Cold/Wind Chill,Flash Flood,Flood,Frost/Freeze,Funnel Cloud,Freezing Fog,Hail,Heat,Heavy Rain,Heavy Snow,High Surf,High Wind ,Hurricane (Typhoon),Ice Storm,Lake-Effect Snow,Lakeshore Flood,Lightning,Marine Hail,Marine High Wind,Marine Strong Wind,Marine Thunderstorm Wind,Rip Current,Seiche,Sleet,Storm Surge/Tide,Strong Wind,Thunderstorm Wind,Tornado,Tropical Depression,Tropical Storm,Tsunami,Volcanic Ash,Waterspout,Wildfire,Winter Storm,Winter Weather,Unknown
ASTRONOMICAL LOW TIDE ,ASTRONOMICAL HIGH TIDE,AVALANCE,BLIZZARD AND EXTREME WIND CHIL,BEACH EROSION/COASTAL FLOOD ,COLD,LANDSLIDE,DENSE FOG,DENSE SMOKE,ABNORMALLY DRY,DUST DEVEL,BLOWING DUST,EXCESSIVE HEAT,BITTER WIND CHILL TEMPERATURES,BREAKUP FLOODING,FLOOD & HEAVY RAIN,AGRICULTURAL FREEZE,COLD AIR FUNNEL,FREEZING FOG,DEEP HAIL,ABNORMAL WARMTH,ABNORMALLY WET,ACCUMULATED SNOWFALL,HAZARDOUS SURF,DOWNBURST WINDS,HURRICANE EDOUARD,ICE STORM AND SNOW,HEAVY LAKE SNOW,LAKE FLOOD,LIGHTING,MARINE HAIL,HIGH WIND AND SEAS,MARINE HIGH WIND,MARINE THUNDERSTORM WIND,RIP CURRENT,ROGUE WAVE,SLEET & FREEZING RAIN,BLOW-OUT TIDE,GRADIENT WIND,GUSTNADO,COLD AIR TORNADO,TROPICAL DEPRESSION,TROPICAL STORM ALBERTO,TSUNAMI,VOG,WATER SPOUT,BRUSH FIRE,HIGH WINDS/SNOW,BLOWING SNOW & EXTREME WIND CH,APACHE COUNTY
,HIGH TIDES,AVALANCHE,BLIZZARD AND HEAVY SNOW,BEACH FLOOD,COLD/WIND CHILL,LANDSLIDE/URBAN FLOOD,FOG AND COLD TEMPERATURES,SMOKE,BELOW NORMAL PRECIPITATION,DUST DEVIL WATERSPOUT,DUST STORM,EXCESSIVE HEAT/DROUGHT,BITTER WIND CHILL ,DAM BREAK,FLOOD WATCH/,BLACK ICE,COLD AIR FUNNELS,ICE FOG,HAIL 0.75,UNSEASONABLY WARM & WET,DOWNBURST,DRIFTING SNOW,HEAVY SEAS,DRY MICROBURST 50,HURRICANE EMILY,ICE STORM,LAKE EFFECT SNOW,LAKESHORE FLOOD,LIGHTNING  WAUSEON,,HIGH WIND AND HIGH TIDES,MARINE STRONG WIND,MARINE TSTM WIND,RIP CURRENTS HEAVY SURF,SEICHE,SLEET STORM,BLOW-OUT TIDES,GRADIENT WINDS,GUSTNADO AND,LANDSPOUT,,TROPICAL STORM DEAN,,VOLCANIC ASH PLUME,WATERSPOUT FUNNEL CLOUD,BRUSH FIRES,SNOW- HIGH WIND- WIND CHILL,BLOWING SNOW ,DROWNING
,,HEAVY SNOW/BLIZZARD/AVALANCHE,BLIZZARD SUMMARY,COASTAL  FLOODING/EROSION,COLD TEMPERATURE,LANDSLIDES,FOG,,DRIEST MONTH,DUST DEVIL,DUST STORM/HIGH WINDS,EXTREME HEAT,EXCESSIVE COLD,DAM FAILURE,FLOOD,COLD AND FROST,FUNNEL CLOUD,,HAIL 0.88,UNSEASONABLY WARM YEAR,EARLY RAIN,EXCESSIVE SNOW,HEAVY SURF AND WIND,DRY MICROBURST 53 ,HURRICANE ERIN,ICE STORM/FLASH FLOOD,LAKE-EFFECT SNOW,,LIGHTNING AND HEAVY RAIN,,HIGH WIND/SEAS,,,RIP CURRENTS,,SLEET,COASTAL SURGE,NON TSTM WIND,GUSTY THUNDERSTORM WIND,TORNADO DEBRIS,,TROPICAL STORM GORDON,,VOLCANIC ASH,WATERSPOUT TORNADO,FOREST FIRES,SNOW/ICE STORM,BLOWING SNOW- EXTREME WIND CHI,EXCESSIVE
,,,BLIZZARD WEATHER,COASTAL FLOOD,COLD TEMPERATURES,LANDSLUMP,PATCHY DENSE FOG,,DROUGHT,,DUSTSTORM,HEAT WAVE,EXTENDED COLD,FLASH FLOOD - HEAVY RAIN,FLOOD/RAIN/WIND,DAMAGING FREEZE,FUNNEL CLOUD.,,HAIL 075,UNSEASONABLY WARM,EXCESSIVE PRECIPITATION,HEAVY SNOW   FREEZING RAIN,HEAVY SURF COASTAL FLOODING,DRY MICROBURST 58,HURRICANE FELIX,ICE/STRONG WINDS,,,LIGHTNING AND THUNDERSTORM WIN,,,,,RIP CURRENTS/HEAVY SURF,,SLEET/FREEZING RAIN,STORM SURGE,NON-SEVERE WIND DAMAGE,GUSTY THUNDERSTORM WINDS,TORNADO F0,,TROPICAL STORM JERRY,,VOLCANIC ASHFALL,WATERSPOUT,GRASS FIRES,SNOWSTORM,BLOWING SNOW/EXTREME WIND CHIL,HEAVY MIX
,,,BLIZZARD,COASTAL FLOODING,COLD WAVE,MUD SLIDE,,,DROUGHT/EXCESSIVE HEAT,,HIGH WINDS DUST STORM,HEAT WAVES,EXTREME COLD,FLASH FLOOD FROM ICE JAMS,FLOOD/RAIN/WINDS,EARLY FREEZE,FUNNEL CLOUD/HAIL,,HAIL 088,UNSEASONABLY WARM/WET,EXCESSIVE RAIN,HEAVY SNOW & ICE,HEAVY SURF,DRY MICROBURST 61,HURRICANE GORDON,ICESTORM/BLIZZARD,,,LIGHTNING AND WINDS,,,,,,,SLEET/ICE STORM,STORM SURGE/TIDE ,NON-TSTM WIND,LARGE WALL CLOUD,TORNADO F1,,TROPICAL STORM,,VOLCANIC ERUPTION,WATERSPOUT-,RED FLAG FIRE WX,THUNDERSNOW SHOWER,COLD AND SNOW,HIGH
,,,BLIZZARD/FREEZING RAIN,COASTAL FLOODING/EROSION,COLD WEATHER,MUD SLIDES URBAN FLOODING,,,DRY CONDITIONS ,,SAHARAN DUST,HEAT,EXTREME COLD/WIND CHILL ,FLASH FLOOD LANDSLIDES,FLOOD/RIVER FLOOD,EARLY FROST,FUNNEL CLOUDS,,HAIL 1.00,UNUSUAL WARMTH,EXCESSIVE RAINFALL,HEAVY SNOW AND HIGH WINDS,HEAVY SURF/HIGH SURF,DRY MICROBURST 84,HURRICANE OPAL,,,,LIGHTNING DAMAGE,,,,,,,SLEET/RAIN/SNOW,TIDAL FLOOD,,LIGHTNING THUNDERSTORM WINDS,TORNADO F2,,,,,WATERSPOUT-TORNADO,WILD FIRES,THUNDERSNOW,COLD AND WET CONDITIONS,MARINE ACCIDENT
,,,BLIZZARD/HEAVY SNOW,COASTAL STORM,COLD WIND CHILL TEMPERATURES,MUD SLIDES,,,DRY HOT WEATHER,,,HEATBURST,EXTREME WIND CHILL,FLASH FLOOD WINDS,FLOOD/STRONG WIND,FREEZE,FUNNEL,,HAIL 1.75,UNUSUAL/RECORD WARMTH,EXCESSIVE WETNESS,HEAVY SNOW AND ICE STORM,HEAVY SWELLS,DRY MICROBURST WINDS,HURRICANE OPAL/HIGH WINDS ,,,,LIGHTNING FIRE,,,,,,,SLEET/SNOW,TIDAL FLOODING,,LIGHTNING THUNDERSTORM WINDSS,TORNADO F3,,,,,WATERSPOUT/ TORNADO,WILD/FOREST FIRE,WINTER STORM HIGH WINDS,COOL AND WET,MARINE MISHAP
,,,BLIZZARD/HIGH WIND,COASTAL/TIDAL FLOOD,COLD/WIND CHILL,MUD/ROCK SLIDE,,,DRY PATTERN,,,HIGH TEMPERATURE RECORD,EXTREME WIND CHILL/BLOWING SNO,FLASH FLOOD,FLOODING,FREEZING DRIZZLE AND FREEZING,FUNNELS,,HAIL 1.75),UNUSUALLY WARM,EXTREMELY WET,HEAVY SNOW AND ICE,HIGH  SWELLS,DRY MICROBURST,HURRICANE,,,,LIGHTNING INJURY,,,,,,,,,,ROTATING WALL CLOUD,TORNADO,,,,,WATERSPOUT/,WILD/FOREST FIRES,WINTER STORM,COOL SPELL ,"METRO STORM, MAY 26"
,,,BLIZZARD/WINTER STORM,COASTALFLOOD,COLD/WINDS,MUDSLIDE,,,DRY SPELL,,,HOT AND DRY,EXTREME WIND CHILLS,FLASH FLOOD/ FLOOD,FLOODING/HEAVY RAIN,FREEZING DRIZZLE,WALL CLOUD/FUNNEL CLOUD,,HAIL 100,VERY WARM,HEAVY PRECIPATATION,HEAVY SNOW AND STRONG WINDS,HIGH SEAS,DRY MIRCOBURST WINDS,HURRICANE-GENERATED SWELLS,,,,LIGHTNING,,,,,,,,,,SEVERE THUNDERSTORM WINDS,TORNADO/WATERSPOUT,,,,,WATERSPOUT/TORNADO,WILDFIRE,WINTER STORM/HIGH WIND,EARLY SNOW,MILD AND DRY PATTERN
,,,GROUND BLIZZARD,COASTALSTORM,UNSEASONABLE COLD,MUDSLIDE/LANDSLIDE,,,DRY WEATHER,,,HOT PATTERN,EXTREME WINDCHILL TEMPERATURES,FLASH FLOOD/ STREET,FLOODS,FREEZING RAIN AND SLEET,WHIRLWIND,,HAIL 125,WARM DRY CONDITIONS,HEAVY PRECIPITATION,HEAVY SNOW AND,HIGH SURF ADVISORIES,GUSTY LAKE WIND,HURRICANE/TYPHOON,,,,LIGHTNING.,,,,,,,,,,SEVERE THUNDERSTORM,TORNADOES,,,,,WATERSPOUTS,WILDFIRES,WINTER STORM/HIGH WINDS,EARLY SNOWFALL,MILD PATTERN
,,,,CSTL FLOODING/EROSION,UNSEASONABLY COLD,MUDSLIDES,,,DRY,,,HOT SPELL,EXTREME WINDCHILL,FLASH FLOOD/,HEAVY RAIN AND FLOOD,FREEZING RAIN AND SNOW,,,HAIL 150,WARM WEATHER,HEAVY RAIN AND WIND,HEAVY SNOW ANDBLOWING SNOW,HIGH SURF ADVISORY,GUSTY WIND,REMNANTS OF FLOYD,,,,LIGHTNING/HEAVY RAIN,,,,,,,,,,SEVERE THUNDERSTORMS,"TORNADOES, TSTM WIND, HAIL",,,,,WAYTERSPOUT,,WINTER STORMS,FALLING SNOW/ICE,MILD/DRY PATTERN
,,,,EROSION/CSTL FLOOD,UNSEASONABLY COOL & WET,ROCK SLIDE,,,DRYNESS,,,HOT WEATHER,EXTREME/RECORD COLD,FLASH FLOOD/FLOOD,HEAVY RAIN/MUDSLIDES/FLOOD,FREEZING RAIN SLEET AND LIGHT,,,HAIL 175,,HEAVY RAIN EFFECTS,HEAVY SNOW SHOWER,HIGH SURF,GUSTY WIND/HAIL,TYPHOON,,,,LIGNTNING,,,,,,,,,,SEVERE TURBULENCE,TORNADOS,,,,,,,,FIRST FROST,MIXED PRECIPITATION
,,,,,UNSEASONABLY COOL,,,,EXCESSIVELY DRY,,,HOT/DRY PATTERN,HIGH WIND/WIND CHILL,FLASH FLOOD/HEAVY RAIN,HEAVY RAIN/URBAN FLOOD,FREEZING RAIN SLEET AND,,,HAIL 200,,HEAVY RAIN,HEAVY SNOW SQUALLS,HIGH SWELLS,GUSTY WIND/HVY RAIN,,,,,,,,,,,,,,,THUDERSTORM WINDS,TORNDAO,,,,,,,,FIRST SNOW,MIXED PRECIP
,,,,,UNSEASONAL LOW TEMP,,,,HEAT DROUGHT,,,PROLONG WARMTH,HIGH WIND/WIND CHILL/BLIZZARD,FLASH FLOOD/LANDSLIDE,HEAVY RAIN; URBAN FLOOD WINDS;,FREEZING RAIN,,,HAIL 225,,HEAVY RAIN/FLOODING,HEAVY SNOW,HIGH WAVES,GUSTY WIND/RAIN,,,,,,,,,,,,,,,THUNDEERSTORM WINDS,,,,,,,,,HEAVY SNOWPACK,MONTHLY PRECIPITATION
,,,,,UNUSUALLY COLD,,,,HEAT WAVE DROUGHT,,,RECORD HEAT WAVE,HIGH WINDS AND WIND CHILL,FLASH FLOODING,HIGH WATER,FREEZING RAIN/SLEET,,,HAIL 275,,HEAVY RAIN/HIGH SURF,HEAVY SNOW-SQUALLS,ROUGH SEAS,GUSTY WINDS,,,,,,,,,,,,,,,THUNDERESTORM WINDS,,,,,,,,,HEAVY WET SNOW,MONTHLY RAINFALL
,,,,,,,,,HEAT/DROUGHT,,,RECORD HEAT,HYPERTHERMIA/EXPOSURE,FLASH FLOODING/FLOOD,HIGHWAY FLOODING,FREEZING RAIN/SNOW,,,HAIL 450,,HEAVY RAIN/LIGHTNING,HEAVY SNOW/BLIZZARD,ROUGH SURF,HIGH  WINDS,,,,,,,,,,,,,,,THUNDERSTORM  WINDS,,,,,,,,,ICE AND SNOW,MONTHLY SNOWFALL
,,,,,,,,,LACK OF SNOW,,,RECORD HIGH TEMPERATURE,HYPOTHERMIA,FLASH FLOODING/THUNDERSTORM WI,ICE JAM FLOOD (MINOR,FREEZING SPRAY,,,HAIL 75,,HEAVY RAIN/SEVERE WEATHER,HEAVY SNOW/BLOWING SNOW,,HIGH WIND (G40),,,,,,,,,,,,,,,THUNDERSTORM DAMAGE TO,,,,,,,,,ICE FLOES,MONTHLY TEMPERATURE
,,,,,,,,,RECORD DRY MONTH,,,RECORD HIGH TEMPERATURES,HYPOTHERMIA/EXPOSURE,FLASH FLOODS,ICE JAM FLOODING,FROST,,,HAIL 80,,HEAVY RAIN/SMALL STREAM URBAN,HEAVY SNOW/FREEZING RAIN,,HIGH WIND 48,,,,,,,,,,,,,,,THUNDERSTORM DAMAGE,,,,,,,,,ICE JAM,NO SEVERE WEATHER
,,,,,,,,,RECORD DRYNESS,,,RECORD HIGH,LOW TEMPERATURE RECORD,FLASH FLOOODING,LOCAL FLOOD,FROST/FREEZE,,,HAIL 88,,HEAVY RAIN/SNOW,HEAVY SNOW/HIGH WIND,,HIGH WIND 63,,,,,,,,,,,,,,,THUNDERSTORM W INDS,,,,,,,,,ICE ON ROAD,NONE
,,,,,,,,,RECORD LOW RAINFALL,,,RECORD TEMPERATURE,LOW TEMPERATURE,FLOOD FLASH,MAJOR FLOOD,FROST\\FREEZE,,,HAIL ALOFT,,HEAVY RAIN/WIND,HEAVY SNOW/HIGH WINDS & FLOOD,,HIGH WIND 70,,,,,,,,,,,,,,,THUNDERSTORM DAMAGE TO,,,,,,,,,ICE PELLETS,NORMAL PRECIPITATION
,,,,,,,,,SNOW DROUGHT,,,RECORD TEMPERATURES,LOW WIND CHILL,FLOOD FLOOD/FLASH,MINOR FLOOD,GLAZE ICE,,,HAIL DAMAGE,,HEAVY RAINFALL,HEAVY SNOW/HIGH WINDS,,HIGH WIND AND HEAVY SNOW,,,,,,,,,,,,,,,THUNDERSTORM DAMAGE,,,,,,,,,ICE ROADS,NORTHERN LIGHTS
,,,,,,,,,UNSEASONABLY DRY,,,RECORD WARM TEMPS.,PROLONG COLD,FLOOD/FLASH FLOOD,MINOR FLOODING,GLAZE,,,HAIL FLOODING,,HEAVY RAINS,HEAVY SNOW/HIGH WINDS/FREEZING,,HIGH WIND DAMAGE,,,,,,,,,,,,,,,THUNDERSTORM W INDS,,,,,,,,,ICE,OTHER
,,,,,,,,,UNSEASONABLY WARM AND DRY,,,RECORD WARM,PROLONG COLD/SNOW,FLOOD/FLASH FLOODING,RIVER AND STREAM FLOOD,GLAZE/ICE STORM,,,HAIL STORM,,HEAVY RAINS/FLOODING,HEAVY SNOW/HIGH,,HIGH WIND,,,,,,,,,,,,,,,THUNDERSTORM WIND (G40),,,,,,,,,ICE/SNOW,RECORD LOW
,,,,,,,,,VERY DRY,,,RECORD WARMTH,RECORD  COLD,FLOOD/FLASH,RIVER FLOOD,HARD FREEZE,,,HAIL,,HEAVY SHOWER,HEAVY SNOW/ICE STORM,,HIGH WIND/LOW WIND CHILL,,,,,,,,,,,,,,,THUNDERSTORM WIND 50,,,,,,,,,ICY ROADS,RED FLAG CRITERIA
,,,,,,,,,,,,RECORD/EXCESSIVE HEAT,RECORD COLD AND HIGH WIND,FLOOD/FLASH/FLOOD,RIVER FLOODING,PATCHY ICE,,,HAIL(0.75),,HEAVY SHOWERS,HEAVY SNOW/ICE,,HIGH WINDS 55,,,,,,,,,,,,,,,THUNDERSTORM WIND 52,,,,,,,,,LATE FREEZE,SOUTHEAST
,,,,,,,,,,,,TEMPERATURE RECORD,RECORD COLD,FLOOD/FLASHFLOOD,RURAL FLOOD,SNOW FREEZING RAIN,,,HAIL/ICY ROADS,,HIGH WINDS HEAVY RAINS,HEAVY SNOW/SLEET,,HIGH WINDS 57,,,,,,,,,,,,,,,THUNDERSTORM WIND 56,,,,,,,,,LATE SEASON HAIL,SUMMARY AUGUST 10
,,,,,,,,,,,,UNSEASONABLY HOT,RECORD COLD/FROST,LOCAL FLASH FLOOD,SMALL STREAM AND URBAN FLOOD,,,,HAIL/WIND,,HIGH WINDS/HEAVY RAIN ,HEAVY SNOW/SQUALLS,,HIGH WINDS 58,,,,,,,,,,,,,,,THUNDERSTORM WIND 59 MPH,,,,,,,,,LATE SEASON SNOW,SUMMARY AUGUST 11
,,,,,,,,,,,,,RECORD COOL,RAPIDLY RISING WATER,SMALL STREAM AND URBAN FLOODIN,,,,HAIL/WINDS,,HVY RAIN,HEAVY SNOW/WIND,,HIGH WINDS 63,,,,,,,,,,,,,,,THUNDERSTORM WIND 59 MPH.,,,,,,,,,LATE SEASON SNOWFALL,SUMMARY AUGUST 17
,,,,,,,,,,,,,SEVERE COLD,,SMALL STREAM AND,,,,HAILSTORM,,LOCALLY HEAVY RAIN,HEAVY SNOW/WINTER STORM,,HIGH WINDS 66,,,,,,,,,,,,,,,THUNDERSTORM WIND 59,,,,,,,,,LATE SNOW,SUMMARY AUGUST 2-3
,,,,,,,,,,,,,SNOW/ BITTER COLD,,SMALL STREAM FLOOD,,,,HAILSTORMS,,PROLONGED RAIN,HIGH WIND/ BLIZZARD,,HIGH WINDS 67,,,,,,,,,,,,,,,THUNDERSTORM WIND 60 MPH,,,,,,,,,LIGHT FREEZING RAIN,SUMMARY AUGUST 21
,,,,,,,,,,,,,WIND CHILL,,SMALL STREAM FLOODING,,,,NON SEVERE HAIL,,RAIN (HEAVY),HIGH WIND/BLIZZARD,,HIGH WINDS 73,,,,,,,,,,,,,,,THUNDERSTORM WIND 65 MPH,,,,,,,,,LIGHT SNOW AND SLEET,SUMMARY AUGUST 28
,,,,,,,,,,,,,WIND CHILL/HIGH WIND,,SMALL STREAM URBAN FLOOD,,,,SMALL HAIL,,RAIN AND WIND,HIGH WIND/BLIZZARD/FREEZING RA,,HIGH WINDS 76,,,,,,,,,,,,,,,THUNDERSTORM WIND 65MPH,,,,,,,,,LIGHT SNOW,SUMMARY AUGUST 4
,,,,,,,,,,,,,,,SMALL STREAM,,,,THUNDERSTORM HAIL,,RAIN DAMAGE,HIGH WIND/HEAVY SNOW,,HIGH WINDS 80,,,,,,,,,,,,,,,THUNDERSTORM WIND 69,,,,,,,,,LIGHT SNOW/FLURRIES,SUMMARY AUGUST 7
,,,,,,,,,,,,,,,SMALL STREAM/URBAN FLOOD,,,,THUNDERSTORM HAIL,,RAIN,MOUNTAIN SNOWS,,HIGH WINDS 82,,,,,,,,,,,,,,,THUNDERSTORM WIND 98 MPH,,,,,,,,,LIGHT SNOW/FREEZING PRECIP,SUMMARY AUGUST 9
,,,,,,,,,,,,,,,SML STREAM FLD,,,,,,RAIN/SNOW,NEAR RECORD SNOW,,HIGH WINDS,,,,,,,,,,,,,,,THUNDERSTORM WIND G50,,,,,,,,,LIGHT SNOWFALL,SUMMARY JAN 17
,,,,,,,,,,,,,,,SNOWMELT FLOODING,,,,,,RAINSTORM,RECORD SNOW,,HIGH WINDS/,,,,,,,,,,,,,,,THUNDERSTORM WIND G51,,,,,,,,,MODERATE SNOW,SUMMARY JULY 23-24
,,,,,,,,,,,,,,,STREAM FLOODING,,,,,,RECORD PRECIPITATION,RECORD SNOW/COLD,,HIGH WINDS/COASTAL FLOOD,,,,,,,,,,,,,,,THUNDERSTORM WIND G52,,,,,,,,,MODERATE SNOWFALL,SUMMARY JUNE 18-19
,,,,,,,,,,,,,,,STREET FLOOD,,,,,,RECORD RAINFALL,RECORD SNOWFALL,,HIGH WINDS/COLD,,,,,,,,,,,,,,,THUNDERSTORM WIND G55,,,,,,,,,SEASONAL SNOWFALL,SUMMARY JUNE 5-6
,,,,,,,,,,,,,,,STREET FLOODING,,,,,,RECORD/EXCESSIVE RAINFALL,RECORD WINTER SNOW,,HIGH WINDS/FLOODING,,,,,,,,,,,,,,,THUNDERSTORM WIND G60,,,,,,,,,SNOW SHOWERS,SUMMARY JUNE 6
,,,,,,,,,,,,,,,URBAN AND SMALL STREAM FLOOD,,,,,,TORRENTIAL RAIN,RECORD MAY SNOW,,MICROBURST WINDS,,,,,,,,,,,,,,,THUNDERSTORM WIND G61,,,,,,,,,SNOW SLEET,SUMMARY OF APRIL 12
,,,,,,,,,,,,,,,URBAN AND SMALL STREAM FLOODIN,,,,,,TORRENTIAL RAINFALL,SNOW ACCUMULATION,,MICROBURST,,,,,,,,,,,,,,,THUNDERSTORM WIND TREES,,,,,,,,,SNOW,SUMMARY OF APRIL 13
,,,,,,,,,,,,,,,URBAN AND SMALL STREAM,,,,,,TSTM HEAVY RAIN               ,SNOW ADVISORY,,STORM FORCE WINDS,,,,,,,,,,,,,,,THUNDERSTORM WIND,,,,,,,,,SNOW/ ICE,SUMMARY OF APRIL 21
,,,,,,,,,,,,,,,URBAN AND SMALL,,,,,,UNSEASONAL RAIN,SNOW AND COLD,,STRONG WIND GUST,,,,,,,,,,,,,,,THUNDERSTORM WIND.,,,,,,,,,SNOW/BLOWING SNOW,SUMMARY OF APRIL 27
,,,,,,,,,,,,,,,URBAN FLOOD LANDSLIDE,,,,,,WET MICOBURST,SNOW AND HEAVY SNOW,,STRONG WIND,,,,,,,,,,,,,,,THUNDERSTORM WIND/ TREE,,,,,,,,,SNOW/COLD,SUMMARY OF APRIL 3RD
,,,,,,,,,,,,,,,URBAN FLOOD,,,,,,WET MICROBURST,SNOW AND ICE STORM,,STRONG WINDS,,,,,,,,,,,,,,,THUNDERSTORM WIND/ TREES,,,,,,,,,SNOW/FREEZING RAIN,SUMMARY OF AUGUST 1
,,,,,,,,,,,,,,,URBAN FLOODING,,,,,,WET MONTH,SNOW AND ICE,,WIND ADVISORY,,,,,,,,,,,,,,,THUNDERSTORM WIND/AWNING,,,,,,,,,SNOW/HEAVY SNOW,SUMMARY OF JULY 11
,,,,,,,,,,,,,,,URBAN FLOODS,,,,,,WET WEATHER,SNOW AND SLEET,,WIND AND WAVE,,,,,,,,,,,,,,,THUNDERSTORM WIND/HAIL,,,,,,,,,SNOW/HIGH WINDS,SUMMARY OF JULY 2
,,,,,,,,,,,,,,,URBAN SMALL STREAM FLOOD,,,,,,WET YEAR,SNOW AND WIND,,WIND DAMAGE,,,,,,,,,,,,,,,THUNDERSTORM WIND/LIGHTNING,,,,,,,,,SNOW/ICE,SUMMARY OF JULY 22
,,,,,,,,,,,,,,,URBAN SMALL,,,,,,UNSEASONABLY WET,SNOW SQUALL,,WIND GUSTS,,,,,,,,,,,,,,,THUNDERSTORM WINDS      LE CEN,,,,,,,,,SNOW/RAIN,SUMMARY OF JULY 26
,,,,,,,,,,,,,,,URBAN/SMALL FLOODING,,,,,,,SNOW SQUALLS,,WIND STORM,,,,,,,,,,,,,,,THUNDERSTORM WINDS 13,,,,,,,,,SNOW/RAIN/SLEET,SUMMARY OF JULY 29
,,,,,,,,,,,,,,,URBAN/SMALL STREAM  FLOOD,,,,,,,SNOWFALL RECORD,,WIND,,,,,,,,,,,,,,,THUNDERSTORM WINDS 2,,,,,,,,,SNOW/SLEET,SUMMARY OF JULY 3
,,,,,,,,,,,,,,,URBAN/SMALL STREAM FLOOD,,,,,,,,,WIND/HAIL,,,,,,,,,,,,,,,THUNDERSTORM WINDS 50,,,,,,,,,SNOW/SLEET/FREEZING RAIN,SUMMARY OF JUNE 10
,,,,,,,,,,,,,,,URBAN/SMALL STREAM FLOODING,,,,,,,,,WINDS,,,,,,,,,,,,,,,THUNDERSTORM WINDS 52,,,,,,,,,SNOW/SLEET/RAIN,SUMMARY OF JUNE 11
,,,,,,,,,,,,,,,URBAN/SMALL STREAM,,,,,,,,,WND,,,,,,,,,,,,,,,THUNDERSTORM WINDS 53,,,,,,,,,SNOW\\COLD,SUMMARY OF JUNE 12
,,,,,,,,,,,,,,,URBAN/SMALL STRM FLDG,,,,,,,,,,,,,,,,,,,,,,,,THUNDERSTORM WINDS 60,,,,,,,,,UNUSUALLY LATE SNOW,SUMMARY OF JUNE 13
,,,,,,,,,,,,,,,URBAN/SMALL,,,,,,,,,,,,,,,,,,,,,,,,THUNDERSTORM WINDS 61,,,,,,,,,WET SNOW,SUMMARY OF JUNE 15
,,,,,,,,,,,,,,,URBAN/SML STREAM FLD,,,,,,,,,,,,,,,,,,,,,,,,THUNDERSTORM WINDS 62,,,,,,,,,WINTER MIX,SUMMARY OF JUNE 16
,,,,,,,,,,,,,,,URBAN/SML STREAM FLDG,,,,,,,,,,,,,,,,,,,,,,,,THUNDERSTORM WINDS 63 MPH,,,,,,,,,WINTER WEATHER MIX,SUMMARY OF JUNE 18
,,,,,,,,,,,,,,,URBAN/STREET FLOODING,,,,,,,,,,,,,,,,,,,,,,,,THUNDERSTORM WINDS AND,,,,,,,,,WINTER WEATHER,SUMMARY OF JUNE 23
,,,,,,,,,,,,,,,,,,,,,,,,,,,,,,,,,,,,,,,THUNDERSTORM WINDS FUNNEL CLOU,,,,,,,,,WINTER WEATHER/MIX,SUMMARY OF JUNE 24
,,,,,,,,,,,,,,,,,,,,,,,,,,,,,,,,,,,,,,,THUNDERSTORM WINDS G,,,,,,,,,WINTERY MIX,SUMMARY OF JUNE 3
,,,,,,,,,,,,,,,,,,,,,,,,,,,,,,,,,,,,,,,THUNDERSTORM WINDS G60,,,,,,,,,WINTRY MIX,SUMMARY OF JUNE 30
,,,,,,,,,,,,,,,,,,,,,,,,,,,,,,,,,,,,,,,THUNDERSTORM WINDS HAIL,,,,,,,,,,SUMMARY OF JUNE 4
,,,,,,,,,,,,,,,,,,,,,,,,,,,,,,,,,,,,,,,THUNDERSTORM WINDS HEAVY RAIN,,,,,,,,,,SUMMARY OF JUNE 6
,,,,,,,,,,,,,,,,,,,,,,,,,,,,,,,,,,,,,,,THUNDERSTORM WINDS LIGHTNING,,,,,,,,,,SUMMARY OF MARCH 14
,,,,,,,,,,,,,,,,,,,,,,,,,,,,,,,,,,,,,,,THUNDERSTORM WINDS SMALL STREA,,,,,,,,,,SUMMARY OF MARCH 23
,,,,,,,,,,,,,,,,,,,,,,,,,,,,,,,,,,,,,,,THUNDERSTORM WINDS URBAN FLOOD,,,,,,,,,,SUMMARY OF MARCH 24
,,,,,,,,,,,,,,,,,,,,,,,,,,,,,,,,,,,,,,,THUNDERSTORM WINDS,,,,,,,,,,SUMMARY OF MARCH 24-25
,,,,,,,,,,,,,,,,,,,,,,,,,,,,,,,,,,,,,,,THUNDERSTORM WINDS.,,,,,,,,,,SUMMARY OF MARCH 27
,,,,,,,,,,,,,,,,,,,,,,,,,,,,,,,,,,,,,,,THUNDERSTORM WINDS/ FLOOD,,,,,,,,,,SUMMARY OF MARCH 29
,,,,,,,,,,,,,,,,,,,,,,,,,,,,,,,,,,,,,,,THUNDERSTORM WINDS/ HAIL,,,,,,,,,,SUMMARY OF MAY 10
,,,,,,,,,,,,,,,,,,,,,,,,,,,,,,,,,,,,,,,THUNDERSTORM WINDS/FLASH FLOOD,,,,,,,,,,SUMMARY OF MAY 13
,,,,,,,,,,,,,,,,,,,,,,,,,,,,,,,,,,,,,,,THUNDERSTORM WINDS/FLOODING,,,,,,,,,,SUMMARY OF MAY 14
,,,,,,,,,,,,,,,,,,,,,,,,,,,,,,,,,,,,,,,THUNDERSTORM WINDS/FUNNEL CLOU,,,,,,,,,,SUMMARY OF MAY 22 AM
,,,,,,,,,,,,,,,,,,,,,,,,,,,,,,,,,,,,,,,THUNDERSTORM WINDS/HAIL,,,,,,,,,,SUMMARY OF MAY 22 PM
,,,,,,,,,,,,,,,,,,,,,,,,,,,,,,,,,,,,,,,THUNDERSTORM WINDS/HEAVY RAIN,,,,,,,,,,SUMMARY OF MAY 22
,,,,,,,,,,,,,,,,,,,,,,,,,,,,,,,,,,,,,,,THUNDERSTORM WINDS53,,,,,,,,,,SUMMARY OF MAY 26 AM
,,,,,,,,,,,,,,,,,,,,,,,,,,,,,,,,,,,,,,,THUNDERSTORM WINDSHAIL,,,,,,,,,,SUMMARY OF MAY 26 PM
,,,,,,,,,,,,,,,,,,,,,,,,,,,,,,,,,,,,,,,THUNDERSTORM WINDSS,,,,,,,,,,SUMMARY OF MAY 31 AM
,,,,,,,,,,,,,,,,,,,,,,,,,,,,,,,,,,,,,,,THUNDERSTORM WINS,,,,,,,,,,SUMMARY OF MAY 31 PM
,,,,,,,,,,,,,,,,,,,,,,,,,,,,,,,,,,,,,,,THUNDERSTORM,,,,,,,,,,SUMMARY OF MAY 9-10
,,,,,,,,,,,,,,,,,,,,,,,,,,,,,,,,,,,,,,,THUNDERSTORMS WIND,,,,,,,,,,SUMMARY SEPT. 25-26
,,,,,,,,,,,,,,,,,,,,,,,,,,,,,,,,,,,,,,,THUNDERSTORMS WINDS,,,,,,,,,,SUMMARY SEPTEMBER 20
,,,,,,,,,,,,,,,,,,,,,,,,,,,,,,,,,,,,,,,THUNDERSTORMS,,,,,,,,,,SUMMARY SEPTEMBER 23
,,,,,,,,,,,,,,,,,,,,,,,,,,,,,,,,,,,,,,,THUNDERSTORMW 50,,,,,,,,,,SUMMARY SEPTEMBER 3
,,,,,,,,,,,,,,,,,,,,,,,,,,,,,,,,,,,,,,,THUNDERSTORMW WINDS,,,,,,,,,,SUMMARY SEPTEMBER 4
,,,,,,,,,,,,,,,,,,,,,,,,,,,,,,,,,,,,,,,THUNDERSTORMW,,,,,,,,,,SUMMARY: NOV. 16
,,,,,,,,,,,,,,,,,,,,,,,,,,,,,,,,,,,,,,,THUNDERSTORMWINDS,,,,,,,,,,SUMMARY: NOV. 6-7
,,,,,,,,,,,,,,,,,,,,,,,,,,,,,,,,,,,,,,,THUNDERSTROM WIND,,,,,,,,,,SUMMARY: OCT. 20-21
,,,,,,,,,,,,,,,,,,,,,,,,,,,,,,,,,,,,,,,THUNDERSTROM WINDS,,,,,,,,,,SUMMARY: OCTOBER 31
,,,,,,,,,,,,,,,,,,,,,,,,,,,,,,,,,,,,,,,THUNDERTORM WINDS,,,,,,,,,,SUMMARY: SEPT. 18
,,,,,,,,,,,,,,,,,,,,,,,,,,,,,,,,,,,,,,,THUNDERTSORM WIND,,,,,,,,,,BEACH EROSIN
,,,,,,,,,,,,,,,,,,,,,,,,,,,,,,,,,,,,,,,THUNDESTORM WINDS,,,,,,,,,,BEACH EROSION
,,,,,,,,,,,,,,,,,,,,,,,,,,,,,,,,,,,,,,,THUNERSTORM WINDS,,,,,,,,,,COASTAL EROSION
,,,,,,,,,,,,,,,,,,,,,,,,,,,,,,,,,,,,,,,TSTM WIND  (G45),,,,,,,,,,
,,,,,,,,,,,,,,,,,,,,,,,,,,,,,,,,,,,,,,,TSTM WIND (41),,,,,,,,,,
,,,,,,,,,,,,,,,,,,,,,,,,,,,,,,,,,,,,,,,TSTM WIND (G35),,,,,,,,,,
,,,,,,,,,,,,,,,,,,,,,,,,,,,,,,,,,,,,,,,TSTM WIND (G40),,,,,,,,,,
,,,,,,,,,,,,,,,,,,,,,,,,,,,,,,,,,,,,,,,TSTM WIND (G45),,,,,,,,,,
,,,,,,,,,,,,,,,,,,,,,,,,,,,,,,,,,,,,,,,TSTM WIND 40,,,,,,,,,,
,,,,,,,,,,,,,,,,,,,,,,,,,,,,,,,,,,,,,,,TSTM WIND 45,,,,,,,,,,
,,,,,,,,,,,,,,,,,,,,,,,,,,,,,,,,,,,,,,,TSTM WIND 50,,,,,,,,,,
,,,,,,,,,,,,,,,,,,,,,,,,,,,,,,,,,,,,,,,TSTM WIND 51,,,,,,,,,,
,,,,,,,,,,,,,,,,,,,,,,,,,,,,,,,,,,,,,,,TSTM WIND 52,,,,,,,,,,
,,,,,,,,,,,,,,,,,,,,,,,,,,,,,,,,,,,,,,,TSTM WIND 55,,,,,,,,,,
,,,,,,,,,,,,,,,,,,,,,,,,,,,,,,,,,,,,,,,TSTM WIND 65),,,,,,,,,,
,,,,,,,,,,,,,,,,,,,,,,,,,,,,,,,,,,,,,,,TSTM WIND AND LIGHTNING,,,,,,,,,,
,,,,,,,,,,,,,,,,,,,,,,,,,,,,,,,,,,,,,,,TSTM WIND DAMAGE,,,,,,,,,,
,,,,,,,,,,,,,,,,,,,,,,,,,,,,,,,,,,,,,,,TSTM WIND G45,,,,,,,,,,
,,,,,,,,,,,,,,,,,,,,,,,,,,,,,,,,,,,,,,,TSTM WIND G58,,,,,,,,,,
,,,,,,,,,,,,,,,,,,,,,,,,,,,,,,,,,,,,,,,TSTM WIND,,,,,,,,,,
,,,,,,,,,,,,,,,,,,,,,,,,,,,,,,,,,,,,,,,TSTM WIND/HAIL,,,,,,,,,,
,,,,,,,,,,,,,,,,,,,,,,,,,,,,,,,,,,,,,,,TSTM WINDS,,,,,,,,,,
,,,,,,,,,,,,,,,,,,,,,,,,,,,,,,,,,,,,,,,TSTM WND,,,,,,,,,,
,,,,,,,,,,,,,,,,,,,,,,,,,,,,,,,,,,,,,,,TSTM,,,,,,,,,,
,,,,,,,,,,,,,,,,,,,,,,,,,,,,,,,,,,,,,,,TSTMW,,,,,,,,,,
,,,,,,,,,,,,,,,,,,,,,,,,,,,,,,,,,,,,,,,TUNDERSTORM WIND,,,,,,,,,,
,,,,,,,,,,,,,,,,,,,,,,,,,,,,,,,,,,,,,,,WAKE LOW WIND,,,,,,,,,,
,,,,,,,,,,,,,,,,,,,,,,,,,,,,,,,,,,,,,,,WALL CLOUD,,,,,,,,,,
