"Astronomical Low Tide","Astronomical High Tide","Avalanche","Blizzard","Coastal Flood","Cold/Wind Chill","Debris Flow","Dense Fog","Dense Smoke","Drought","Dust Devil","Dust Storm","Excessive Heat","Extreme Cold/Wind Chill","Flash Flood","Flood","Frost/Freeze","Funnel Cloud","Freezing Fog","Hail","Heat","Heavy Rain","Heavy Snow","High Surf","High Wind","Hurricane (Typhoon)","Ice Storm","Lake-Effect Snow","Lakeshore Flood","Lightning","Marine Hail","Marine High Wind","Marine Strong Wind","Marine Thunderstorm Wind","Rip Current","Seiche","Sleet","Storm Surge/Tide","Strong Wind","Thunderstorm Wind","Tornado","Tropical Depression","Tropical Storm","Tsunami","Volcanic Ash","Waterspout","Wildfire","Winter Storm","Winter Weather","Unknown"
"ASTRONOMICAL LOW TIDE","ASTRONOMICAL HIGH TIDE","AVALANCE","BLIZZARD AND EXTREME WIND CHIL","BEACH EROSION/COASTAL FLOOD ","COLD","LANDSLIDE","DENSE FOG","DENSE SMOKE","ABNORMALLY DRY","DUST DEVEL","BLOWING DUST","EXCESSIVE HEAT","BITTER WIND CHILL TEMPERATURES","BREAKUP FLOODING","FLOOD & HEAVY RAIN","AGRICULTURAL FREEZE","COLD AIR FUNNEL","FREEZING FOG","DEEP HAIL","ABNORMAL WARMTH","ABNORMALLY WET","ACCUMULATED SNOWFALL","HAZARDOUS SURF","DOWNBURST WINDS","HURRICANE EDOUARD","ICE STORM AND SNOW","HEAVY LAKE SNOW","LAKE FLOOD","LIGHTING","MARINE HAIL","HIGH WIND AND SEAS","MARINE HIGH WIND","MARINE THUNDERSTORM WIND","RIP CURRENT","ROGUE WAVE","SLEET & FREEZING RAIN","BLOW-OUT TIDE","GRADIENT WIND","GUSTNADO","COLD AIR TORNADO","TROPICAL DEPRESSION","TROPICAL STORM ALBERTO","TSUNAMI","VOG","WATER SPOUT","BRUSH FIRE","HIGH WINDS/SNOW","BLOWING SNOW & EXTREME WIND CH","APACHE COUNTY"
NA,"HIGH TIDES","AVALANCHE","BLIZZARD AND HEAVY SNOW","BEACH FLOOD","COLD/WIND CHILL","LANDSLIDE/URBAN FLOOD","FOG AND COLD TEMPERATURES","SMOKE","BELOW NORMAL PRECIPITATION","DUST DEVIL WATERSPOUT","DUST STORM","EXCESSIVE HEAT/DROUGHT","BITTER WIND CHILL ","DAM BREAK","FLOOD WATCH/","BLACK ICE","COLD AIR FUNNELS","ICE FOG","HAIL 0.75","UNSEASONABLY WARM & WET","DOWNBURST","DRIFTING SNOW","HEAVY SEAS","DRY MICROBURST 50","HURRICANE EMILY","ICE STORM","LAKE EFFECT SNOW","LAKESHORE FLOOD","LIGHTNING  WAUSEON",NA,"HIGH WIND AND HIGH TIDES","MARINE STRONG WIND","MARINE TSTM WIND","RIP CURRENTS HEAVY SURF","SEICHE","SLEET STORM","BLOW-OUT TIDES","GRADIENT WINDS","GUSTNADO AND","LANDSPOUT",NA,"TROPICAL STORM DEAN",NA,"VOLCANIC ASH PLUME","WATERSPOUT FUNNEL CLOUD","BRUSH FIRES","SNOW- HIGH WIND- WIND CHILL","BLOWING SNOW","DROWNING"
NA,NA,"HEAVY SNOW/BLIZZARD/AVALANCHE","BLIZZARD SUMMARY","COASTAL  FLOODING/EROSION","COLD TEMPERATURE","LANDSLIDES","FOG",NA,"DRIEST MONTH","DUST DEVIL","DUST STORM/HIGH WINDS","EXTREME HEAT","EXCESSIVE COLD","DAM FAILURE","FLOOD","COLD AND FROST","FUNNEL CLOUD",NA,"HAIL 0.88","UNSEASONABLY WARM YEAR","EARLY RAIN","EXCESSIVE SNOW","HEAVY SURF AND WIND","DRY MICROBURST 53 ","HURRICANE ERIN","ICE STORM/FLASH FLOOD","LAKE-EFFECT SNOW",NA,"LIGHTNING AND HEAVY RAIN",NA,"HIGH WIND/SEAS",NA,NA,"RIP CURRENTS",NA,"SLEET","COASTAL SURGE","NON TSTM WIND","GUSTY THUNDERSTORM WIND","TORNADO DEBRIS",NA,"TROPICAL STORM GORDON",NA,"VOLCANIC ASH","WATERSPOUT TORNADO","FOREST FIRES","SNOW/ICE STORM","BLOWING SNOW- EXTREME WIND CHI","EXCESSIVE"
NA,NA,NA,"BLIZZARD WEATHER","COASTAL FLOOD","COLD TEMPERATURES","LANDSLUMP","PATCHY DENSE FOG",NA,"DROUGHT",NA,"DUSTSTORM","HEAT WAVE","EXTENDED COLD","FLASH FLOOD - HEAVY RAIN","FLOOD/RAIN/WIND","DAMAGING FREEZE","FUNNEL CLOUD.",NA,"HAIL 075","UNSEASONABLY WARM","EXCESSIVE PRECIPITATION","HEAVY SNOW   FREEZING RAIN","HEAVY SURF COASTAL FLOODING","DRY MICROBURST 58","HURRICANE FELIX","ICE/STRONG WINDS",NA,NA,"LIGHTNING AND THUNDERSTORM WIN",NA,NA,NA,NA,"RIP CURRENTS/HEAVY SURF",NA,"SLEET/FREEZING RAIN","STORM SURGE","NON-SEVERE WIND DAMAGE","GUSTY THUNDERSTORM WINDS","TORNADO F0",NA,"TROPICAL STORM JERRY",NA,"VOLCANIC ASHFALL","WATERSPOUT","GRASS FIRES","SNOWSTORM","BLOWING SNOW/EXTREME WIND CHIL","HEAVY MIX"
NA,NA,NA,"BLIZZARD","COASTAL FLOODING","COLD WAVE","MUD SLIDE",NA,NA,"DROUGHT/EXCESSIVE HEAT",NA,"HIGH WINDS DUST STORM","HEAT WAVES","EXTREME COLD","FLASH FLOOD FROM ICE JAMS","FLOOD/RAIN/WINDS","EARLY FREEZE","FUNNEL CLOUD/HAIL",NA,"HAIL 088","UNSEASONABLY WARM/WET","EXCESSIVE RAIN","HEAVY SNOW & ICE","HEAVY SURF","DRY MICROBURST 61","HURRICANE GORDON","ICESTORM/BLIZZARD",NA,NA,"LIGHTNING AND WINDS",NA,NA,NA,NA,NA,NA,"SLEET/ICE STORM","STORM SURGE/TIDE","NON-TSTM WIND","LARGE WALL CLOUD","TORNADO F1",NA,"TROPICAL STORM",NA,"VOLCANIC ERUPTION","WATERSPOUT-","RED FLAG FIRE WX","THUNDERSNOW SHOWER","COLD AND SNOW","HIGH"
NA,NA,NA,"BLIZZARD/FREEZING RAIN","COASTAL FLOODING/EROSION","COLD WEATHER","MUD SLIDES URBAN FLOODING",NA,NA,"DRY CONDITIONS ",NA,"SAHARAN DUST","HEAT","EXTREME COLD/WIND CHILL","FLASH FLOOD LANDSLIDES","FLOOD/RIVER FLOOD","EARLY FROST","FUNNEL CLOUDS",NA,"HAIL 1.00","UNUSUAL WARMTH","EXCESSIVE RAINFALL","HEAVY SNOW AND HIGH WINDS","HEAVY SURF/HIGH SURF","DRY MICROBURST 84","HURRICANE OPAL",NA,NA,NA,"LIGHTNING DAMAGE",NA,NA,NA,NA,NA,NA,"SLEET/RAIN/SNOW","TIDAL FLOOD",NA,"LIGHTNING THUNDERSTORM WINDS","TORNADO F2",NA,NA,NA,NA,"WATERSPOUT-TORNADO","WILD FIRES","THUNDERSNOW","COLD AND WET CONDITIONS","MARINE ACCIDENT"
NA,NA,NA,"BLIZZARD/HEAVY SNOW","COASTAL STORM","COLD WIND CHILL TEMPERATURES","MUD SLIDES",NA,NA,"DRY HOT WEATHER",NA,NA,"HEATBURST","EXTREME WIND CHILL","FLASH FLOOD WINDS","FLOOD/STRONG WIND","FREEZE","FUNNEL",NA,"HAIL 1.75","UNUSUAL/RECORD WARMTH","EXCESSIVE WETNESS","HEAVY SNOW AND ICE STORM","HEAVY SWELLS","DRY MICROBURST WINDS","HURRICANE OPAL/HIGH WINDS ",NA,NA,NA,"LIGHTNING FIRE",NA,NA,NA,NA,NA,NA,"SLEET/SNOW","TIDAL FLOODING",NA,"LIGHTNING THUNDERSTORM WINDSS","TORNADO F3",NA,NA,NA,NA,"WATERSPOUT/ TORNADO","WILD/FOREST FIRE","WINTER STORM HIGH WINDS","COOL AND WET","MARINE MISHAP"
NA,NA,NA,"BLIZZARD/HIGH WIND","COASTAL/TIDAL FLOOD","COLD/WIND CHILL","MUD/ROCK SLIDE",NA,NA,"DRY PATTERN",NA,NA,"HIGH TEMPERATURE RECORD","EXTREME WIND CHILL/BLOWING SNO","FLASH FLOOD","FLOODING","FREEZING DRIZZLE AND FREEZING","FUNNELS",NA,"HAIL 1.75)","UNUSUALLY WARM","EXTREMELY WET","HEAVY SNOW AND ICE","HIGH  SWELLS","DRY MICROBURST","HURRICANE",NA,NA,NA,"LIGHTNING INJURY",NA,NA,NA,NA,NA,NA,NA,NA,NA,"ROTATING WALL CLOUD","TORNADO",NA,NA,NA,NA,"WATERSPOUT/","WILD/FOREST FIRES","WINTER STORM","COOL SPELL ","""METRO STORM"
NA,NA,NA,"BLIZZARD/WINTER STORM","COASTALFLOOD","COLD/WINDS","MUDSLIDE",NA,NA,"DRY SPELL",NA,NA,"HOT AND DRY","EXTREME WIND CHILLS","FLASH FLOOD/ FLOOD","FLOODING/HEAVY RAIN","FREEZING DRIZZLE","WALL CLOUD/FUNNEL CLOUD",NA,"HAIL 100","VERY WARM","HEAVY PRECIPATATION","HEAVY SNOW AND STRONG WINDS","HIGH SEAS","DRY MIRCOBURST WINDS","HURRICANE-GENERATED SWELLS",NA,NA,NA,"LIGHTNING",NA,NA,NA,NA,NA,NA,NA,NA,NA,"SEVERE THUNDERSTORM WINDS","TORNADO/WATERSPOUT",NA,NA,NA,NA,"WATERSPOUT/TORNADO","WILDFIRE","WINTER STORM/HIGH WIND","EARLY SNOW"," MAY 26"""
NA,NA,NA,"GROUND BLIZZARD","COASTALSTORM","UNSEASONABLE COLD","MUDSLIDE/LANDSLIDE",NA,NA,"DRY WEATHER",NA,NA,"HOT PATTERN","EXTREME WINDCHILL TEMPERATURES","FLASH FLOOD/ STREET","FLOODS","FREEZING RAIN AND SLEET","WHIRLWIND",NA,"HAIL 125","WARM DRY CONDITIONS","HEAVY PRECIPITATION","HEAVY SNOW AND","HIGH SURF ADVISORIES","GUSTY LAKE WIND","HURRICANE/TYPHOON",NA,NA,NA,"LIGHTNING.",NA,NA,NA,NA,NA,NA,NA,NA,NA,"SEVERE THUNDERSTORM","TORNADOES",NA,NA,NA,NA,"WATERSPOUTS","WILDFIRES","WINTER STORM/HIGH WINDS","EARLY SNOWFALL","MILD AND DRY PATTERN"
NA,NA,NA,NA,"CSTL FLOODING/EROSION","UNSEASONABLY COLD","MUDSLIDES",NA,NA,"DRY",NA,NA,"HOT SPELL","EXTREME WINDCHILL","FLASH FLOOD/","HEAVY RAIN AND FLOOD","FREEZING RAIN AND SNOW",NA,NA,"HAIL 150","WARM WEATHER","HEAVY RAIN AND WIND","HEAVY SNOW ANDBLOWING SNOW","HIGH SURF ADVISORY","GUSTY WIND","REMNANTS OF FLOYD",NA,NA,NA,"LIGHTNING/HEAVY RAIN",NA,NA,NA,NA,NA,NA,NA,NA,NA,"SEVERE THUNDERSTORMS","""TORNADOES",NA,NA,NA,NA,"WAYTERSPOUT",NA,"WINTER STORMS","FALLING SNOW/ICE","MILD PATTERN"
NA,NA,NA,NA,"EROSION/CSTL FLOOD","UNSEASONABLY COOL & WET","ROCK SLIDE",NA,NA,"DRYNESS",NA,NA,"HOT WEATHER","EXTREME/RECORD COLD","FLASH FLOOD/FLOOD","HEAVY RAIN/MUDSLIDES/FLOOD","FREEZING RAIN SLEET AND LIGHT",NA,NA,"HAIL 175",NA,"HEAVY RAIN EFFECTS","HEAVY SNOW SHOWER","HIGH SURF","GUSTY WIND/HAIL","TYPHOON",NA,NA,NA,"LIGNTNING",NA,NA,NA,NA,NA,NA,NA,NA,NA,"SEVERE TURBULENCE"," TSTM WIND",NA,NA,NA,NA,NA,NA,NA,"FIRST FROST","MILD/DRY PATTERN"
NA,NA,NA,NA,NA,"UNSEASONABLY COOL",NA,NA,NA,"EXCESSIVELY DRY",NA,NA,"HOT/DRY PATTERN","HIGH WIND/WIND CHILL","FLASH FLOOD/HEAVY RAIN","HEAVY RAIN/URBAN FLOOD","FREEZING RAIN SLEET AND",NA,NA,"HAIL 200",NA,"HEAVY RAIN","HEAVY SNOW SQUALLS","HIGH SWELLS","GUSTY WIND/HVY RAIN",NA,NA,NA,NA,NA,NA,NA,NA,NA,NA,NA,NA,NA,NA,"THUDERSTORM WINDS"," HAIL""",NA,NA,NA,NA,NA,NA,NA,"FIRST SNOW","MIXED PRECIPITATION"
NA,NA,NA,NA,NA,"UNSEASONAL LOW TEMP",NA,NA,NA,"HEAT DROUGHT",NA,NA,"PROLONG WARMTH","HIGH WIND/WIND CHILL/BLIZZARD","FLASH FLOOD/LANDSLIDE","HEAVY RAIN; URBAN FLOOD WINDS;","FREEZING RAIN",NA,NA,"HAIL 225",NA,"HEAVY RAIN/FLOODING","HEAVY SNOW","HIGH WAVES","GUSTY WIND/RAIN",NA,NA,NA,NA,NA,NA,NA,NA,NA,NA,NA,NA,NA,NA,"THUNDEERSTORM WINDS","TORNADOS",NA,NA,NA,NA,NA,NA,NA,"HEAVY SNOWPACK","MIXED PRECIP"
NA,NA,NA,NA,NA,"UNUSUALLY COLD",NA,NA,NA,"HEAT WAVE DROUGHT",NA,NA,"RECORD HEAT WAVE","HIGH WINDS AND WIND CHILL","FLASH FLOODING","HIGH WATER","FREEZING RAIN/SLEET",NA,NA,"HAIL 275",NA,"HEAVY RAIN/HIGH SURF","HEAVY SNOW-SQUALLS","ROUGH SEAS","GUSTY WINDS",NA,NA,NA,NA,NA,NA,NA,NA,NA,NA,NA,NA,NA,NA,"THUNDERESTORM WINDS","TORNDAO",NA,NA,NA,NA,NA,NA,NA,"HEAVY WET SNOW","MONTHLY PRECIPITATION"
NA,NA,NA,NA,NA,NA,NA,NA,NA,"HEAT/DROUGHT",NA,NA,"RECORD HEAT","HYPERTHERMIA/EXPOSURE","FLASH FLOODING/FLOOD","HIGHWAY FLOODING","FREEZING RAIN/SNOW",NA,NA,"HAIL 450",NA,"HEAVY RAIN/LIGHTNING","HEAVY SNOW/BLIZZARD","ROUGH SURF","HIGH  WINDS",NA,NA,NA,NA,NA,NA,NA,NA,NA,NA,NA,NA,NA,NA,"THUNDERSTORM  WINDS",NA,NA,NA,NA,NA,NA,NA,NA,"ICE AND SNOW","MONTHLY RAINFALL"
NA,NA,NA,NA,NA,NA,NA,NA,NA,"LACK OF SNOW",NA,NA,"RECORD HIGH TEMPERATURE","HYPOTHERMIA","FLASH FLOODING/THUNDERSTORM WI","ICE JAM FLOOD (MINOR","FREEZING SPRAY",NA,NA,"HAIL 75",NA,"HEAVY RAIN/SEVERE WEATHER","HEAVY SNOW/BLOWING SNOW",NA,"HIGH WIND (G40)",NA,NA,NA,NA,NA,NA,NA,NA,NA,NA,NA,NA,NA,NA,"THUNDERSTORM DAMAGE TO",NA,NA,NA,NA,NA,NA,NA,NA,"ICE FLOES","MONTHLY SNOWFALL"
NA,NA,NA,NA,NA,NA,NA,NA,NA,"RECORD DRY MONTH",NA,NA,"RECORD HIGH TEMPERATURES","HYPOTHERMIA/EXPOSURE","FLASH FLOODS","ICE JAM FLOODING","FROST",NA,NA,"HAIL 80",NA,"HEAVY RAIN/SMALL STREAM URBAN","HEAVY SNOW/FREEZING RAIN",NA,"HIGH WIND 48",NA,NA,NA,NA,NA,NA,NA,NA,NA,NA,NA,NA,NA,NA,"THUNDERSTORM DAMAGE",NA,NA,NA,NA,NA,NA,NA,NA,"ICE JAM","MONTHLY TEMPERATURE"
NA,NA,NA,NA,NA,NA,NA,NA,NA,"RECORD DRYNESS",NA,NA,"RECORD HIGH","LOW TEMPERATURE RECORD","FLASH FLOOODING","LOCAL FLOOD","FROST/FREEZE",NA,NA,"HAIL 88",NA,"HEAVY RAIN/SNOW","HEAVY SNOW/HIGH WIND",NA,"HIGH WIND 63",NA,NA,NA,NA,NA,NA,NA,NA,NA,NA,NA,NA,NA,NA,"THUNDERSTORM W INDS",NA,NA,NA,NA,NA,NA,NA,NA,"ICE ON ROAD","NO SEVERE WEATHER"
NA,NA,NA,NA,NA,NA,NA,NA,NA,"RECORD LOW RAINFALL",NA,NA,"RECORD TEMPERATURE","LOW TEMPERATURE","FLOOD FLASH","MAJOR FLOOD","FROST\FREEZE",NA,NA,"HAIL ALOFT",NA,"HEAVY RAIN/WIND","HEAVY SNOW/HIGH WINDS & FLOOD",NA,"HIGH WIND 70",NA,NA,NA,NA,NA,NA,NA,NA,NA,NA,NA,NA,NA,NA,"THUNDERSTORM DAMAGE TO",NA,NA,NA,NA,NA,NA,NA,NA,"ICE PELLETS","NONE"
NA,NA,NA,NA,NA,NA,NA,NA,NA,"SNOW DROUGHT",NA,NA,"RECORD TEMPERATURES","LOW WIND CHILL","FLOOD FLOOD/FLASH","MINOR FLOOD","GLAZE ICE",NA,NA,"HAIL DAMAGE",NA,"HEAVY RAINFALL","HEAVY SNOW/HIGH WINDS",NA,"HIGH WIND AND HEAVY SNOW",NA,NA,NA,NA,NA,NA,NA,NA,NA,NA,NA,NA,NA,NA,"THUNDERSTORM DAMAGE",NA,NA,NA,NA,NA,NA,NA,NA,"ICE ROADS","NORMAL PRECIPITATION"
NA,NA,NA,NA,NA,NA,NA,NA,NA,"UNSEASONABLY DRY",NA,NA,"RECORD WARM TEMPS.","PROLONG COLD","FLOOD/FLASH FLOOD","MINOR FLOODING","GLAZE",NA,NA,"HAIL FLOODING",NA,"HEAVY RAINS","HEAVY SNOW/HIGH WINDS/FREEZING",NA,"HIGH WIND DAMAGE",NA,NA,NA,NA,NA,NA,NA,NA,NA,NA,NA,NA,NA,NA,"THUNDERSTORM W INDS",NA,NA,NA,NA,NA,NA,NA,NA,"ICE","NORTHERN LIGHTS"
NA,NA,NA,NA,NA,NA,NA,NA,NA,"UNSEASONABLY WARM AND DRY",NA,NA,"RECORD WARM","PROLONG COLD/SNOW","FLOOD/FLASH FLOODING","RIVER AND STREAM FLOOD","GLAZE/ICE STORM",NA,NA,"HAIL STORM",NA,"HEAVY RAINS/FLOODING","HEAVY SNOW/HIGH",NA,"HIGH WIND",NA,NA,NA,NA,NA,NA,NA,NA,NA,NA,NA,NA,NA,NA,"THUNDERSTORM WIND (G40)",NA,NA,NA,NA,NA,NA,NA,NA,"ICE/SNOW","OTHER"
NA,NA,NA,NA,NA,NA,NA,NA,NA,"VERY DRY",NA,NA,"RECORD WARMTH","RECORD  COLD","FLOOD/FLASH","RIVER FLOOD","HARD FREEZE",NA,NA,"HAIL",NA,"HEAVY SHOWER","HEAVY SNOW/ICE STORM",NA,"HIGH WIND/LOW WIND CHILL",NA,NA,NA,NA,NA,NA,NA,NA,NA,NA,NA,NA,NA,NA,"THUNDERSTORM WIND 50",NA,NA,NA,NA,NA,NA,NA,NA,"ICY ROADS","RECORD LOW"
NA,NA,NA,NA,NA,NA,NA,NA,NA,NA,NA,NA,"RECORD/EXCESSIVE HEAT","RECORD COLD AND HIGH WIND","FLOOD/FLASH/FLOOD","RIVER FLOODING","PATCHY ICE",NA,NA,"HAIL(0.75)",NA,"HEAVY SHOWERS","HEAVY SNOW/ICE",NA,"HIGH WINDS 55",NA,NA,NA,NA,NA,NA,NA,NA,NA,NA,NA,NA,NA,NA,"THUNDERSTORM WIND 52",NA,NA,NA,NA,NA,NA,NA,NA,"LATE FREEZE","RED FLAG CRITERIA"
NA,NA,NA,NA,NA,NA,NA,NA,NA,NA,NA,NA,"TEMPERATURE RECORD","RECORD COLD","FLOOD/FLASHFLOOD","RURAL FLOOD","SNOW FREEZING RAIN",NA,NA,"HAIL/ICY ROADS",NA,"HIGH WINDS HEAVY RAINS","HEAVY SNOW/SLEET",NA,"HIGH WINDS 57",NA,NA,NA,NA,NA,NA,NA,NA,NA,NA,NA,NA,NA,NA,"THUNDERSTORM WIND 56",NA,NA,NA,NA,NA,NA,NA,NA,"LATE SEASON HAIL","SOUTHEAST"
NA,NA,NA,NA,NA,NA,NA,NA,NA,NA,NA,NA,"UNSEASONABLY HOT","RECORD COLD/FROST","LOCAL FLASH FLOOD","SMALL STREAM AND URBAN FLOOD",NA,NA,NA,"HAIL/WIND",NA,"HIGH WINDS/HEAVY RAIN","HEAVY SNOW/SQUALLS",NA,"HIGH WINDS 58",NA,NA,NA,NA,NA,NA,NA,NA,NA,NA,NA,NA,NA,NA,"THUNDERSTORM WIND 59 MPH",NA,NA,NA,NA,NA,NA,NA,NA,"LATE SEASON SNOW","SUMMARY AUGUST 10"
NA,NA,NA,NA,NA,NA,NA,NA,NA,NA,NA,NA,NA,"RECORD COOL","RAPIDLY RISING WATER","SMALL STREAM AND URBAN FLOODIN",NA,NA,NA,"HAIL/WINDS",NA,"HVY RAIN","HEAVY SNOW/WIND",NA,"HIGH WINDS 63",NA,NA,NA,NA,NA,NA,NA,NA,NA,NA,NA,NA,NA,NA,"THUNDERSTORM WIND 59 MPH.",NA,NA,NA,NA,NA,NA,NA,NA,"LATE SEASON SNOWFALL","SUMMARY AUGUST 11"
NA,NA,NA,NA,NA,NA,NA,NA,NA,NA,NA,NA,NA,"SEVERE COLD",NA,"SMALL STREAM AND",NA,NA,NA,"HAILSTORM",NA,"LOCALLY HEAVY RAIN","HEAVY SNOW/WINTER STORM",NA,"HIGH WINDS 66",NA,NA,NA,NA,NA,NA,NA,NA,NA,NA,NA,NA,NA,NA,"THUNDERSTORM WIND 59",NA,NA,NA,NA,NA,NA,NA,NA,"LATE SNOW","SUMMARY AUGUST 17"
NA,NA,NA,NA,NA,NA,NA,NA,NA,NA,NA,NA,NA,"SNOW/ BITTER COLD",NA,"SMALL STREAM FLOOD",NA,NA,NA,"HAILSTORMS",NA,"PROLONGED RAIN","HIGH WIND/ BLIZZARD",NA,"HIGH WINDS 67",NA,NA,NA,NA,NA,NA,NA,NA,NA,NA,NA,NA,NA,NA,"THUNDERSTORM WIND 60 MPH",NA,NA,NA,NA,NA,NA,NA,NA,"LIGHT FREEZING RAIN","SUMMARY AUGUST 2-3"
NA,NA,NA,NA,NA,NA,NA,NA,NA,NA,NA,NA,NA,"WIND CHILL",NA,"SMALL STREAM FLOODING",NA,NA,NA,"NON SEVERE HAIL",NA,"RAIN (HEAVY)","HIGH WIND/BLIZZARD",NA,"HIGH WINDS 73",NA,NA,NA,NA,NA,NA,NA,NA,NA,NA,NA,NA,NA,NA,"THUNDERSTORM WIND 65 MPH",NA,NA,NA,NA,NA,NA,NA,NA,"LIGHT SNOW AND SLEET","SUMMARY AUGUST 21"
NA,NA,NA,NA,NA,NA,NA,NA,NA,NA,NA,NA,NA,"WIND CHILL/HIGH WIND",NA,"SMALL STREAM URBAN FLOOD",NA,NA,NA,"SMALL HAIL",NA,"RAIN AND WIND","HIGH WIND/BLIZZARD/FREEZING RA",NA,"HIGH WINDS 76",NA,NA,NA,NA,NA,NA,NA,NA,NA,NA,NA,NA,NA,NA,"THUNDERSTORM WIND 65MPH",NA,NA,NA,NA,NA,NA,NA,NA,"LIGHT SNOW","SUMMARY AUGUST 28"
NA,NA,NA,NA,NA,NA,NA,NA,NA,NA,NA,NA,NA,NA,NA,"SMALL STREAM",NA,NA,NA,"THUNDERSTORM HAIL",NA,"RAIN DAMAGE","HIGH WIND/HEAVY SNOW",NA,"HIGH WINDS 80",NA,NA,NA,NA,NA,NA,NA,NA,NA,NA,NA,NA,NA,NA,"THUNDERSTORM WIND 69",NA,NA,NA,NA,NA,NA,NA,NA,"LIGHT SNOW/FLURRIES","SUMMARY AUGUST 4"
NA,NA,NA,NA,NA,NA,NA,NA,NA,NA,NA,NA,NA,NA,NA,"SMALL STREAM/URBAN FLOOD",NA,NA,NA,"THUNDERSTORM HAIL",NA,"RAIN","MOUNTAIN SNOWS",NA,"HIGH WINDS 82",NA,NA,NA,NA,NA,NA,NA,NA,NA,NA,NA,NA,NA,NA,"THUNDERSTORM WIND 98 MPH",NA,NA,NA,NA,NA,NA,NA,NA,"LIGHT SNOW/FREEZING PRECIP","SUMMARY AUGUST 7"
NA,NA,NA,NA,NA,NA,NA,NA,NA,NA,NA,NA,NA,NA,NA,"SML STREAM FLD",NA,NA,NA,NA,NA,"RAIN/SNOW","NEAR RECORD SNOW",NA,"HIGH WINDS",NA,NA,NA,NA,NA,NA,NA,NA,NA,NA,NA,NA,NA,NA,"THUNDERSTORM WIND G50",NA,NA,NA,NA,NA,NA,NA,NA,"LIGHT SNOWFALL","SUMMARY AUGUST 9"
NA,NA,NA,NA,NA,NA,NA,NA,NA,NA,NA,NA,NA,NA,NA,"SNOWMELT FLOODING",NA,NA,NA,NA,NA,"RAINSTORM","RECORD SNOW",NA,"HIGH WINDS/",NA,NA,NA,NA,NA,NA,NA,NA,NA,NA,NA,NA,NA,NA,"THUNDERSTORM WIND G51",NA,NA,NA,NA,NA,NA,NA,NA,"MODERATE SNOW","SUMMARY JAN 17"
NA,NA,NA,NA,NA,NA,NA,NA,NA,NA,NA,NA,NA,NA,NA,"STREAM FLOODING",NA,NA,NA,NA,NA,"RECORD PRECIPITATION","RECORD SNOW/COLD",NA,"HIGH WINDS/COASTAL FLOOD",NA,NA,NA,NA,NA,NA,NA,NA,NA,NA,NA,NA,NA,NA,"THUNDERSTORM WIND G52",NA,NA,NA,NA,NA,NA,NA,NA,"MODERATE SNOWFALL","SUMMARY JULY 23-24"
NA,NA,NA,NA,NA,NA,NA,NA,NA,NA,NA,NA,NA,NA,NA,"STREET FLOOD",NA,NA,NA,NA,NA,"RECORD RAINFALL","RECORD SNOWFALL",NA,"HIGH WINDS/COLD",NA,NA,NA,NA,NA,NA,NA,NA,NA,NA,NA,NA,NA,NA,"THUNDERSTORM WIND G55",NA,NA,NA,NA,NA,NA,NA,NA,"SEASONAL SNOWFALL","SUMMARY JUNE 18-19"
NA,NA,NA,NA,NA,NA,NA,NA,NA,NA,NA,NA,NA,NA,NA,"STREET FLOODING",NA,NA,NA,NA,NA,"RECORD/EXCESSIVE RAINFALL","RECORD WINTER SNOW",NA,"HIGH WINDS/FLOODING",NA,NA,NA,NA,NA,NA,NA,NA,NA,NA,NA,NA,NA,NA,"THUNDERSTORM WIND G60",NA,NA,NA,NA,NA,NA,NA,NA,"SNOW SHOWERS","SUMMARY JUNE 5-6"
NA,NA,NA,NA,NA,NA,NA,NA,NA,NA,NA,NA,NA,NA,NA,"URBAN AND SMALL STREAM FLOOD",NA,NA,NA,NA,NA,"TORRENTIAL RAIN","RECORD MAY SNOW",NA,"MICROBURST WINDS",NA,NA,NA,NA,NA,NA,NA,NA,NA,NA,NA,NA,NA,NA,"THUNDERSTORM WIND G61",NA,NA,NA,NA,NA,NA,NA,NA,"SNOW SLEET","SUMMARY JUNE 6"
NA,NA,NA,NA,NA,NA,NA,NA,NA,NA,NA,NA,NA,NA,NA,"URBAN AND SMALL STREAM FLOODIN",NA,NA,NA,NA,NA,"TORRENTIAL RAINFALL","SNOW ACCUMULATION",NA,"MICROBURST",NA,NA,NA,NA,NA,NA,NA,NA,NA,NA,NA,NA,NA,NA,"THUNDERSTORM WIND TREES",NA,NA,NA,NA,NA,NA,NA,NA,"SNOW","SUMMARY OF APRIL 12"
NA,NA,NA,NA,NA,NA,NA,NA,NA,NA,NA,NA,NA,NA,NA,"URBAN AND SMALL STREAM",NA,NA,NA,NA,NA,"TSTM HEAVY RAIN","SNOW ADVISORY",NA,"STORM FORCE WINDS",NA,NA,NA,NA,NA,NA,NA,NA,NA,NA,NA,NA,NA,NA,"THUNDERSTORM WIND",NA,NA,NA,NA,NA,NA,NA,NA,"SNOW/ ICE","SUMMARY OF APRIL 13"
NA,NA,NA,NA,NA,NA,NA,NA,NA,NA,NA,NA,NA,NA,NA,"URBAN AND SMALL",NA,NA,NA,NA,NA,"UNSEASONAL RAIN","SNOW AND COLD",NA,"STRONG WIND GUST",NA,NA,NA,NA,NA,NA,NA,NA,NA,NA,NA,NA,NA,NA,"THUNDERSTORM WIND.",NA,NA,NA,NA,NA,NA,NA,NA,"SNOW/BLOWING SNOW","SUMMARY OF APRIL 21"
NA,NA,NA,NA,NA,NA,NA,NA,NA,NA,NA,NA,NA,NA,NA,"URBAN FLOOD LANDSLIDE",NA,NA,NA,NA,NA,"WET MICOBURST","SNOW AND HEAVY SNOW",NA,"STRONG WIND",NA,NA,NA,NA,NA,NA,NA,NA,NA,NA,NA,NA,NA,NA,"THUNDERSTORM WIND/ TREE",NA,NA,NA,NA,NA,NA,NA,NA,"SNOW/COLD","SUMMARY OF APRIL 27"
NA,NA,NA,NA,NA,NA,NA,NA,NA,NA,NA,NA,NA,NA,NA,"URBAN FLOOD",NA,NA,NA,NA,NA,"WET MICROBURST","SNOW AND ICE STORM",NA,"STRONG WINDS",NA,NA,NA,NA,NA,NA,NA,NA,NA,NA,NA,NA,NA,NA,"THUNDERSTORM WIND/ TREES",NA,NA,NA,NA,NA,NA,NA,NA,"SNOW/FREEZING RAIN","SUMMARY OF APRIL 3RD"
NA,NA,NA,NA,NA,NA,NA,NA,NA,NA,NA,NA,NA,NA,NA,"URBAN FLOODING",NA,NA,NA,NA,NA,"WET MONTH","SNOW AND ICE",NA,"WIND ADVISORY",NA,NA,NA,NA,NA,NA,NA,NA,NA,NA,NA,NA,NA,NA,"THUNDERSTORM WIND/AWNING",NA,NA,NA,NA,NA,NA,NA,NA,"SNOW/HEAVY SNOW","SUMMARY OF AUGUST 1"
NA,NA,NA,NA,NA,NA,NA,NA,NA,NA,NA,NA,NA,NA,NA,"URBAN FLOODS",NA,NA,NA,NA,NA,"WET WEATHER","SNOW AND SLEET",NA,"WIND AND WAVE",NA,NA,NA,NA,NA,NA,NA,NA,NA,NA,NA,NA,NA,NA,"THUNDERSTORM WIND/HAIL",NA,NA,NA,NA,NA,NA,NA,NA,"SNOW/HIGH WINDS","SUMMARY OF JULY 11"
NA,NA,NA,NA,NA,NA,NA,NA,NA,NA,NA,NA,NA,NA,NA,"URBAN SMALL STREAM FLOOD",NA,NA,NA,NA,NA,"WET YEAR","SNOW AND WIND",NA,"WIND DAMAGE",NA,NA,NA,NA,NA,NA,NA,NA,NA,NA,NA,NA,NA,NA,"THUNDERSTORM WIND/LIGHTNING",NA,NA,NA,NA,NA,NA,NA,NA,"SNOW/ICE","SUMMARY OF JULY 2"
NA,NA,NA,NA,NA,NA,NA,NA,NA,NA,NA,NA,NA,NA,NA,"URBAN SMALL",NA,NA,NA,NA,NA,"UNSEASONABLY WET","SNOW SQUALL",NA,"WIND GUSTS",NA,NA,NA,NA,NA,NA,NA,NA,NA,NA,NA,NA,NA,NA,"THUNDERSTORM WINDS      LE CEN",NA,NA,NA,NA,NA,NA,NA,NA,"SNOW/RAIN","SUMMARY OF JULY 22"
NA,NA,NA,NA,NA,NA,NA,NA,NA,NA,NA,NA,NA,NA,NA,"URBAN/SMALL FLOODING",NA,NA,NA,NA,NA,NA,"SNOW SQUALLS",NA,"WIND STORM",NA,NA,NA,NA,NA,NA,NA,NA,NA,NA,NA,NA,NA,NA,"THUNDERSTORM WINDS 13",NA,NA,NA,NA,NA,NA,NA,NA,"SNOW/RAIN/SLEET","SUMMARY OF JULY 26"
NA,NA,NA,NA,NA,NA,NA,NA,NA,NA,NA,NA,NA,NA,NA,"URBAN/SMALL STREAM  FLOOD",NA,NA,NA,NA,NA,NA,"SNOWFALL RECORD",NA,"WIND",NA,NA,NA,NA,NA,NA,NA,NA,NA,NA,NA,NA,NA,NA,"THUNDERSTORM WINDS 2",NA,NA,NA,NA,NA,NA,NA,NA,"SNOW/SLEET","SUMMARY OF JULY 29"
NA,NA,NA,NA,NA,NA,NA,NA,NA,NA,NA,NA,NA,NA,NA,"URBAN/SMALL STREAM FLOOD",NA,NA,NA,NA,NA,NA,NA,NA,"WIND/HAIL",NA,NA,NA,NA,NA,NA,NA,NA,NA,NA,NA,NA,NA,NA,"THUNDERSTORM WINDS 50",NA,NA,NA,NA,NA,NA,NA,NA,"SNOW/SLEET/FREEZING RAIN","SUMMARY OF JULY 3"
NA,NA,NA,NA,NA,NA,NA,NA,NA,NA,NA,NA,NA,NA,NA,"URBAN/SMALL STREAM FLOODING",NA,NA,NA,NA,NA,NA,NA,NA,"WINDS",NA,NA,NA,NA,NA,NA,NA,NA,NA,NA,NA,NA,NA,NA,"THUNDERSTORM WINDS 52",NA,NA,NA,NA,NA,NA,NA,NA,"SNOW/SLEET/RAIN","SUMMARY OF JUNE 10"
NA,NA,NA,NA,NA,NA,NA,NA,NA,NA,NA,NA,NA,NA,NA,"URBAN/SMALL STREAM",NA,NA,NA,NA,NA,NA,NA,NA,"WND",NA,NA,NA,NA,NA,NA,NA,NA,NA,NA,NA,NA,NA,NA,"THUNDERSTORM WINDS 53",NA,NA,NA,NA,NA,NA,NA,NA,"SNOW\COLD","SUMMARY OF JUNE 11"
NA,NA,NA,NA,NA,NA,NA,NA,NA,NA,NA,NA,NA,NA,NA,"URBAN/SMALL STRM FLDG",NA,NA,NA,NA,NA,NA,NA,NA,NA,NA,NA,NA,NA,NA,NA,NA,NA,NA,NA,NA,NA,NA,NA,"THUNDERSTORM WINDS 60",NA,NA,NA,NA,NA,NA,NA,NA,"UNUSUALLY LATE SNOW","SUMMARY OF JUNE 12"
NA,NA,NA,NA,NA,NA,NA,NA,NA,NA,NA,NA,NA,NA,NA,"URBAN/SMALL",NA,NA,NA,NA,NA,NA,NA,NA,NA,NA,NA,NA,NA,NA,NA,NA,NA,NA,NA,NA,NA,NA,NA,"THUNDERSTORM WINDS 61",NA,NA,NA,NA,NA,NA,NA,NA,"WET SNOW","SUMMARY OF JUNE 13"
NA,NA,NA,NA,NA,NA,NA,NA,NA,NA,NA,NA,NA,NA,NA,"URBAN/SML STREAM FLD",NA,NA,NA,NA,NA,NA,NA,NA,NA,NA,NA,NA,NA,NA,NA,NA,NA,NA,NA,NA,NA,NA,NA,"THUNDERSTORM WINDS 62",NA,NA,NA,NA,NA,NA,NA,NA,"WINTER MIX","SUMMARY OF JUNE 15"
NA,NA,NA,NA,NA,NA,NA,NA,NA,NA,NA,NA,NA,NA,NA,"URBAN/SML STREAM FLDG",NA,NA,NA,NA,NA,NA,NA,NA,NA,NA,NA,NA,NA,NA,NA,NA,NA,NA,NA,NA,NA,NA,NA,"THUNDERSTORM WINDS 63 MPH",NA,NA,NA,NA,NA,NA,NA,NA,"WINTER WEATHER MIX","SUMMARY OF JUNE 16"
NA,NA,NA,NA,NA,NA,NA,NA,NA,NA,NA,NA,NA,NA,NA,"URBAN/STREET FLOODING",NA,NA,NA,NA,NA,NA,NA,NA,NA,NA,NA,NA,NA,NA,NA,NA,NA,NA,NA,NA,NA,NA,NA,"THUNDERSTORM WINDS AND",NA,NA,NA,NA,NA,NA,NA,NA,"WINTER WEATHER","SUMMARY OF JUNE 18"
NA,NA,NA,NA,NA,NA,NA,NA,NA,NA,NA,NA,NA,NA,NA,NA,NA,NA,NA,NA,NA,NA,NA,NA,NA,NA,NA,NA,NA,NA,NA,NA,NA,NA,NA,NA,NA,NA,NA,"THUNDERSTORM WINDS FUNNEL CLOU",NA,NA,NA,NA,NA,NA,NA,NA,"WINTER WEATHER/MIX","SUMMARY OF JUNE 23"
NA,NA,NA,NA,NA,NA,NA,NA,NA,NA,NA,NA,NA,NA,NA,NA,NA,NA,NA,NA,NA,NA,NA,NA,NA,NA,NA,NA,NA,NA,NA,NA,NA,NA,NA,NA,NA,NA,NA,"THUNDERSTORM WINDS G",NA,NA,NA,NA,NA,NA,NA,NA,"WINTERY MIX","SUMMARY OF JUNE 24"
NA,NA,NA,NA,NA,NA,NA,NA,NA,NA,NA,NA,NA,NA,NA,NA,NA,NA,NA,NA,NA,NA,NA,NA,NA,NA,NA,NA,NA,NA,NA,NA,NA,NA,NA,NA,NA,NA,NA,"THUNDERSTORM WINDS G60",NA,NA,NA,NA,NA,NA,NA,NA,"WINTRY MIX","SUMMARY OF JUNE 3"
NA,NA,NA,NA,NA,NA,NA,NA,NA,NA,NA,NA,NA,NA,NA,NA,NA,NA,NA,NA,NA,NA,NA,NA,NA,NA,NA,NA,NA,NA,NA,NA,NA,NA,NA,NA,NA,NA,NA,"THUNDERSTORM WINDS HAIL",NA,NA,NA,NA,NA,NA,NA,NA,NA,"SUMMARY OF JUNE 30"
NA,NA,NA,NA,NA,NA,NA,NA,NA,NA,NA,NA,NA,NA,NA,NA,NA,NA,NA,NA,NA,NA,NA,NA,NA,NA,NA,NA,NA,NA,NA,NA,NA,NA,NA,NA,NA,NA,NA,"THUNDERSTORM WINDS HEAVY RAIN",NA,NA,NA,NA,NA,NA,NA,NA,NA,"SUMMARY OF JUNE 4"
NA,NA,NA,NA,NA,NA,NA,NA,NA,NA,NA,NA,NA,NA,NA,NA,NA,NA,NA,NA,NA,NA,NA,NA,NA,NA,NA,NA,NA,NA,NA,NA,NA,NA,NA,NA,NA,NA,NA,"THUNDERSTORM WINDS LIGHTNING",NA,NA,NA,NA,NA,NA,NA,NA,NA,"SUMMARY OF JUNE 6"
NA,NA,NA,NA,NA,NA,NA,NA,NA,NA,NA,NA,NA,NA,NA,NA,NA,NA,NA,NA,NA,NA,NA,NA,NA,NA,NA,NA,NA,NA,NA,NA,NA,NA,NA,NA,NA,NA,NA,"THUNDERSTORM WINDS SMALL STREA",NA,NA,NA,NA,NA,NA,NA,NA,NA,"SUMMARY OF MARCH 14"
NA,NA,NA,NA,NA,NA,NA,NA,NA,NA,NA,NA,NA,NA,NA,NA,NA,NA,NA,NA,NA,NA,NA,NA,NA,NA,NA,NA,NA,NA,NA,NA,NA,NA,NA,NA,NA,NA,NA,"THUNDERSTORM WINDS URBAN FLOOD",NA,NA,NA,NA,NA,NA,NA,NA,NA,"SUMMARY OF MARCH 23"
NA,NA,NA,NA,NA,NA,NA,NA,NA,NA,NA,NA,NA,NA,NA,NA,NA,NA,NA,NA,NA,NA,NA,NA,NA,NA,NA,NA,NA,NA,NA,NA,NA,NA,NA,NA,NA,NA,NA,"THUNDERSTORM WINDS",NA,NA,NA,NA,NA,NA,NA,NA,NA,"SUMMARY OF MARCH 24"
NA,NA,NA,NA,NA,NA,NA,NA,NA,NA,NA,NA,NA,NA,NA,NA,NA,NA,NA,NA,NA,NA,NA,NA,NA,NA,NA,NA,NA,NA,NA,NA,NA,NA,NA,NA,NA,NA,NA,"THUNDERSTORM WINDS.",NA,NA,NA,NA,NA,NA,NA,NA,NA,"SUMMARY OF MARCH 24-25"
NA,NA,NA,NA,NA,NA,NA,NA,NA,NA,NA,NA,NA,NA,NA,NA,NA,NA,NA,NA,NA,NA,NA,NA,NA,NA,NA,NA,NA,NA,NA,NA,NA,NA,NA,NA,NA,NA,NA,"THUNDERSTORM WINDS/ FLOOD",NA,NA,NA,NA,NA,NA,NA,NA,NA,"SUMMARY OF MARCH 27"
NA,NA,NA,NA,NA,NA,NA,NA,NA,NA,NA,NA,NA,NA,NA,NA,NA,NA,NA,NA,NA,NA,NA,NA,NA,NA,NA,NA,NA,NA,NA,NA,NA,NA,NA,NA,NA,NA,NA,"THUNDERSTORM WINDS/ HAIL",NA,NA,NA,NA,NA,NA,NA,NA,NA,"SUMMARY OF MARCH 29"
NA,NA,NA,NA,NA,NA,NA,NA,NA,NA,NA,NA,NA,NA,NA,NA,NA,NA,NA,NA,NA,NA,NA,NA,NA,NA,NA,NA,NA,NA,NA,NA,NA,NA,NA,NA,NA,NA,NA,"THUNDERSTORM WINDS/FLASH FLOOD",NA,NA,NA,NA,NA,NA,NA,NA,NA,"SUMMARY OF MAY 10"
NA,NA,NA,NA,NA,NA,NA,NA,NA,NA,NA,NA,NA,NA,NA,NA,NA,NA,NA,NA,NA,NA,NA,NA,NA,NA,NA,NA,NA,NA,NA,NA,NA,NA,NA,NA,NA,NA,NA,"THUNDERSTORM WINDS/FLOODING",NA,NA,NA,NA,NA,NA,NA,NA,NA,"SUMMARY OF MAY 13"
NA,NA,NA,NA,NA,NA,NA,NA,NA,NA,NA,NA,NA,NA,NA,NA,NA,NA,NA,NA,NA,NA,NA,NA,NA,NA,NA,NA,NA,NA,NA,NA,NA,NA,NA,NA,NA,NA,NA,"THUNDERSTORM WINDS/FUNNEL CLOU",NA,NA,NA,NA,NA,NA,NA,NA,NA,"SUMMARY OF MAY 14"
NA,NA,NA,NA,NA,NA,NA,NA,NA,NA,NA,NA,NA,NA,NA,NA,NA,NA,NA,NA,NA,NA,NA,NA,NA,NA,NA,NA,NA,NA,NA,NA,NA,NA,NA,NA,NA,NA,NA,"THUNDERSTORM WINDS/HAIL",NA,NA,NA,NA,NA,NA,NA,NA,NA,"SUMMARY OF MAY 22 AM"
NA,NA,NA,NA,NA,NA,NA,NA,NA,NA,NA,NA,NA,NA,NA,NA,NA,NA,NA,NA,NA,NA,NA,NA,NA,NA,NA,NA,NA,NA,NA,NA,NA,NA,NA,NA,NA,NA,NA,"THUNDERSTORM WINDS/HEAVY RAIN",NA,NA,NA,NA,NA,NA,NA,NA,NA,"SUMMARY OF MAY 22 PM"
NA,NA,NA,NA,NA,NA,NA,NA,NA,NA,NA,NA,NA,NA,NA,NA,NA,NA,NA,NA,NA,NA,NA,NA,NA,NA,NA,NA,NA,NA,NA,NA,NA,NA,NA,NA,NA,NA,NA,"THUNDERSTORM WINDS53",NA,NA,NA,NA,NA,NA,NA,NA,NA,"SUMMARY OF MAY 22"
NA,NA,NA,NA,NA,NA,NA,NA,NA,NA,NA,NA,NA,NA,NA,NA,NA,NA,NA,NA,NA,NA,NA,NA,NA,NA,NA,NA,NA,NA,NA,NA,NA,NA,NA,NA,NA,NA,NA,"THUNDERSTORM WINDSHAIL",NA,NA,NA,NA,NA,NA,NA,NA,NA,"SUMMARY OF MAY 26 AM"
NA,NA,NA,NA,NA,NA,NA,NA,NA,NA,NA,NA,NA,NA,NA,NA,NA,NA,NA,NA,NA,NA,NA,NA,NA,NA,NA,NA,NA,NA,NA,NA,NA,NA,NA,NA,NA,NA,NA,"THUNDERSTORM WINDSS",NA,NA,NA,NA,NA,NA,NA,NA,NA,"SUMMARY OF MAY 26 PM"
NA,NA,NA,NA,NA,NA,NA,NA,NA,NA,NA,NA,NA,NA,NA,NA,NA,NA,NA,NA,NA,NA,NA,NA,NA,NA,NA,NA,NA,NA,NA,NA,NA,NA,NA,NA,NA,NA,NA,"THUNDERSTORM WINS",NA,NA,NA,NA,NA,NA,NA,NA,NA,"SUMMARY OF MAY 31 AM"
NA,NA,NA,NA,NA,NA,NA,NA,NA,NA,NA,NA,NA,NA,NA,NA,NA,NA,NA,NA,NA,NA,NA,NA,NA,NA,NA,NA,NA,NA,NA,NA,NA,NA,NA,NA,NA,NA,NA,"THUNDERSTORM",NA,NA,NA,NA,NA,NA,NA,NA,NA,"SUMMARY OF MAY 31 PM"
NA,NA,NA,NA,NA,NA,NA,NA,NA,NA,NA,NA,NA,NA,NA,NA,NA,NA,NA,NA,NA,NA,NA,NA,NA,NA,NA,NA,NA,NA,NA,NA,NA,NA,NA,NA,NA,NA,NA,"THUNDERSTORMS WIND",NA,NA,NA,NA,NA,NA,NA,NA,NA,"SUMMARY OF MAY 9-10"
NA,NA,NA,NA,NA,NA,NA,NA,NA,NA,NA,NA,NA,NA,NA,NA,NA,NA,NA,NA,NA,NA,NA,NA,NA,NA,NA,NA,NA,NA,NA,NA,NA,NA,NA,NA,NA,NA,NA,"THUNDERSTORMS WINDS",NA,NA,NA,NA,NA,NA,NA,NA,NA,"SUMMARY SEPT. 25-26"
NA,NA,NA,NA,NA,NA,NA,NA,NA,NA,NA,NA,NA,NA,NA,NA,NA,NA,NA,NA,NA,NA,NA,NA,NA,NA,NA,NA,NA,NA,NA,NA,NA,NA,NA,NA,NA,NA,NA,"THUNDERSTORMS",NA,NA,NA,NA,NA,NA,NA,NA,NA,"SUMMARY SEPTEMBER 20"
NA,NA,NA,NA,NA,NA,NA,NA,NA,NA,NA,NA,NA,NA,NA,NA,NA,NA,NA,NA,NA,NA,NA,NA,NA,NA,NA,NA,NA,NA,NA,NA,NA,NA,NA,NA,NA,NA,NA,"THUNDERSTORMW 50",NA,NA,NA,NA,NA,NA,NA,NA,NA,"SUMMARY SEPTEMBER 23"
NA,NA,NA,NA,NA,NA,NA,NA,NA,NA,NA,NA,NA,NA,NA,NA,NA,NA,NA,NA,NA,NA,NA,NA,NA,NA,NA,NA,NA,NA,NA,NA,NA,NA,NA,NA,NA,NA,NA,"THUNDERSTORMW WINDS",NA,NA,NA,NA,NA,NA,NA,NA,NA,"SUMMARY SEPTEMBER 3"
NA,NA,NA,NA,NA,NA,NA,NA,NA,NA,NA,NA,NA,NA,NA,NA,NA,NA,NA,NA,NA,NA,NA,NA,NA,NA,NA,NA,NA,NA,NA,NA,NA,NA,NA,NA,NA,NA,NA,"THUNDERSTORMW",NA,NA,NA,NA,NA,NA,NA,NA,NA,"SUMMARY SEPTEMBER 4"
NA,NA,NA,NA,NA,NA,NA,NA,NA,NA,NA,NA,NA,NA,NA,NA,NA,NA,NA,NA,NA,NA,NA,NA,NA,NA,NA,NA,NA,NA,NA,NA,NA,NA,NA,NA,NA,NA,NA,"THUNDERSTORMWINDS",NA,NA,NA,NA,NA,NA,NA,NA,NA,"SUMMARY: NOV. 16"
NA,NA,NA,NA,NA,NA,NA,NA,NA,NA,NA,NA,NA,NA,NA,NA,NA,NA,NA,NA,NA,NA,NA,NA,NA,NA,NA,NA,NA,NA,NA,NA,NA,NA,NA,NA,NA,NA,NA,"THUNDERSTROM WIND",NA,NA,NA,NA,NA,NA,NA,NA,NA,"SUMMARY: NOV. 6-7"
NA,NA,NA,NA,NA,NA,NA,NA,NA,NA,NA,NA,NA,NA,NA,NA,NA,NA,NA,NA,NA,NA,NA,NA,NA,NA,NA,NA,NA,NA,NA,NA,NA,NA,NA,NA,NA,NA,NA,"THUNDERSTROM WINDS",NA,NA,NA,NA,NA,NA,NA,NA,NA,"SUMMARY: OCT. 20-21"
NA,NA,NA,NA,NA,NA,NA,NA,NA,NA,NA,NA,NA,NA,NA,NA,NA,NA,NA,NA,NA,NA,NA,NA,NA,NA,NA,NA,NA,NA,NA,NA,NA,NA,NA,NA,NA,NA,NA,"THUNDERTORM WINDS",NA,NA,NA,NA,NA,NA,NA,NA,NA,"SUMMARY: OCTOBER 31"
NA,NA,NA,NA,NA,NA,NA,NA,NA,NA,NA,NA,NA,NA,NA,NA,NA,NA,NA,NA,NA,NA,NA,NA,NA,NA,NA,NA,NA,NA,NA,NA,NA,NA,NA,NA,NA,NA,NA,"THUNDERTSORM WIND",NA,NA,NA,NA,NA,NA,NA,NA,NA,"SUMMARY: SEPT. 18"
NA,NA,NA,NA,NA,NA,NA,NA,NA,NA,NA,NA,NA,NA,NA,NA,NA,NA,NA,NA,NA,NA,NA,NA,NA,NA,NA,NA,NA,NA,NA,NA,NA,NA,NA,NA,NA,NA,NA,"THUNDESTORM WINDS",NA,NA,NA,NA,NA,NA,NA,NA,NA,"BEACH EROSIN"
NA,NA,NA,NA,NA,NA,NA,NA,NA,NA,NA,NA,NA,NA,NA,NA,NA,NA,NA,NA,NA,NA,NA,NA,NA,NA,NA,NA,NA,NA,NA,NA,NA,NA,NA,NA,NA,NA,NA,"THUNERSTORM WINDS",NA,NA,NA,NA,NA,NA,NA,NA,NA,"BEACH EROSION"
NA,NA,NA,NA,NA,NA,NA,NA,NA,NA,NA,NA,NA,NA,NA,NA,NA,NA,NA,NA,NA,NA,NA,NA,NA,NA,NA,NA,NA,NA,NA,NA,NA,NA,NA,NA,NA,NA,NA,"TSTM WIND  (G45)",NA,NA,NA,NA,NA,NA,NA,NA,NA,"COASTAL EROSION"
NA,NA,NA,NA,NA,NA,NA,NA,NA,NA,NA,NA,NA,NA,NA,NA,NA,NA,NA,NA,NA,NA,NA,NA,NA,NA,NA,NA,NA,NA,NA,NA,NA,NA,NA,NA,NA,NA,NA,"TSTM WIND (41)",NA,NA,NA,NA,NA,NA,NA,NA,NA,NA
NA,NA,NA,NA,NA,NA,NA,NA,NA,NA,NA,NA,NA,NA,NA,NA,NA,NA,NA,NA,NA,NA,NA,NA,NA,NA,NA,NA,NA,NA,NA,NA,NA,NA,NA,NA,NA,NA,NA,"TSTM WIND (G35)",NA,NA,NA,NA,NA,NA,NA,NA,NA,NA
NA,NA,NA,NA,NA,NA,NA,NA,NA,NA,NA,NA,NA,NA,NA,NA,NA,NA,NA,NA,NA,NA,NA,NA,NA,NA,NA,NA,NA,NA,NA,NA,NA,NA,NA,NA,NA,NA,NA,"TSTM WIND (G40)",NA,NA,NA,NA,NA,NA,NA,NA,NA,NA
NA,NA,NA,NA,NA,NA,NA,NA,NA,NA,NA,NA,NA,NA,NA,NA,NA,NA,NA,NA,NA,NA,NA,NA,NA,NA,NA,NA,NA,NA,NA,NA,NA,NA,NA,NA,NA,NA,NA,"TSTM WIND (G45)",NA,NA,NA,NA,NA,NA,NA,NA,NA,NA
NA,NA,NA,NA,NA,NA,NA,NA,NA,NA,NA,NA,NA,NA,NA,NA,NA,NA,NA,NA,NA,NA,NA,NA,NA,NA,NA,NA,NA,NA,NA,NA,NA,NA,NA,NA,NA,NA,NA,"TSTM WIND 40",NA,NA,NA,NA,NA,NA,NA,NA,NA,NA
NA,NA,NA,NA,NA,NA,NA,NA,NA,NA,NA,NA,NA,NA,NA,NA,NA,NA,NA,NA,NA,NA,NA,NA,NA,NA,NA,NA,NA,NA,NA,NA,NA,NA,NA,NA,NA,NA,NA,"TSTM WIND 45",NA,NA,NA,NA,NA,NA,NA,NA,NA,NA
NA,NA,NA,NA,NA,NA,NA,NA,NA,NA,NA,NA,NA,NA,NA,NA,NA,NA,NA,NA,NA,NA,NA,NA,NA,NA,NA,NA,NA,NA,NA,NA,NA,NA,NA,NA,NA,NA,NA,"TSTM WIND 50",NA,NA,NA,NA,NA,NA,NA,NA,NA,NA
NA,NA,NA,NA,NA,NA,NA,NA,NA,NA,NA,NA,NA,NA,NA,NA,NA,NA,NA,NA,NA,NA,NA,NA,NA,NA,NA,NA,NA,NA,NA,NA,NA,NA,NA,NA,NA,NA,NA,"TSTM WIND 51",NA,NA,NA,NA,NA,NA,NA,NA,NA,NA
NA,NA,NA,NA,NA,NA,NA,NA,NA,NA,NA,NA,NA,NA,NA,NA,NA,NA,NA,NA,NA,NA,NA,NA,NA,NA,NA,NA,NA,NA,NA,NA,NA,NA,NA,NA,NA,NA,NA,"TSTM WIND 52",NA,NA,NA,NA,NA,NA,NA,NA,NA,NA
NA,NA,NA,NA,NA,NA,NA,NA,NA,NA,NA,NA,NA,NA,NA,NA,NA,NA,NA,NA,NA,NA,NA,NA,NA,NA,NA,NA,NA,NA,NA,NA,NA,NA,NA,NA,NA,NA,NA,"TSTM WIND 55",NA,NA,NA,NA,NA,NA,NA,NA,NA,NA
NA,NA,NA,NA,NA,NA,NA,NA,NA,NA,NA,NA,NA,NA,NA,NA,NA,NA,NA,NA,NA,NA,NA,NA,NA,NA,NA,NA,NA,NA,NA,NA,NA,NA,NA,NA,NA,NA,NA,"TSTM WIND 65)",NA,NA,NA,NA,NA,NA,NA,NA,NA,NA
NA,NA,NA,NA,NA,NA,NA,NA,NA,NA,NA,NA,NA,NA,NA,NA,NA,NA,NA,NA,NA,NA,NA,NA,NA,NA,NA,NA,NA,NA,NA,NA,NA,NA,NA,NA,NA,NA,NA,"TSTM WIND AND LIGHTNING",NA,NA,NA,NA,NA,NA,NA,NA,NA,NA
NA,NA,NA,NA,NA,NA,NA,NA,NA,NA,NA,NA,NA,NA,NA,NA,NA,NA,NA,NA,NA,NA,NA,NA,NA,NA,NA,NA,NA,NA,NA,NA,NA,NA,NA,NA,NA,NA,NA,"TSTM WIND DAMAGE",NA,NA,NA,NA,NA,NA,NA,NA,NA,NA
NA,NA,NA,NA,NA,NA,NA,NA,NA,NA,NA,NA,NA,NA,NA,NA,NA,NA,NA,NA,NA,NA,NA,NA,NA,NA,NA,NA,NA,NA,NA,NA,NA,NA,NA,NA,NA,NA,NA,"TSTM WIND G45",NA,NA,NA,NA,NA,NA,NA,NA,NA,NA
NA,NA,NA,NA,NA,NA,NA,NA,NA,NA,NA,NA,NA,NA,NA,NA,NA,NA,NA,NA,NA,NA,NA,NA,NA,NA,NA,NA,NA,NA,NA,NA,NA,NA,NA,NA,NA,NA,NA,"TSTM WIND G58",NA,NA,NA,NA,NA,NA,NA,NA,NA,NA
NA,NA,NA,NA,NA,NA,NA,NA,NA,NA,NA,NA,NA,NA,NA,NA,NA,NA,NA,NA,NA,NA,NA,NA,NA,NA,NA,NA,NA,NA,NA,NA,NA,NA,NA,NA,NA,NA,NA,"TSTM WIND",NA,NA,NA,NA,NA,NA,NA,NA,NA,NA
NA,NA,NA,NA,NA,NA,NA,NA,NA,NA,NA,NA,NA,NA,NA,NA,NA,NA,NA,NA,NA,NA,NA,NA,NA,NA,NA,NA,NA,NA,NA,NA,NA,NA,NA,NA,NA,NA,NA,"TSTM WIND/HAIL",NA,NA,NA,NA,NA,NA,NA,NA,NA,NA
NA,NA,NA,NA,NA,NA,NA,NA,NA,NA,NA,NA,NA,NA,NA,NA,NA,NA,NA,NA,NA,NA,NA,NA,NA,NA,NA,NA,NA,NA,NA,NA,NA,NA,NA,NA,NA,NA,NA,"TSTM WINDS",NA,NA,NA,NA,NA,NA,NA,NA,NA,NA
NA,NA,NA,NA,NA,NA,NA,NA,NA,NA,NA,NA,NA,NA,NA,NA,NA,NA,NA,NA,NA,NA,NA,NA,NA,NA,NA,NA,NA,NA,NA,NA,NA,NA,NA,NA,NA,NA,NA,"TSTM WND",NA,NA,NA,NA,NA,NA,NA,NA,NA,NA
NA,NA,NA,NA,NA,NA,NA,NA,NA,NA,NA,NA,NA,NA,NA,NA,NA,NA,NA,NA,NA,NA,NA,NA,NA,NA,NA,NA,NA,NA,NA,NA,NA,NA,NA,NA,NA,NA,NA,"TSTM",NA,NA,NA,NA,NA,NA,NA,NA,NA,NA
NA,NA,NA,NA,NA,NA,NA,NA,NA,NA,NA,NA,NA,NA,NA,NA,NA,NA,NA,NA,NA,NA,NA,NA,NA,NA,NA,NA,NA,NA,NA,NA,NA,NA,NA,NA,NA,NA,NA,"TSTMW",NA,NA,NA,NA,NA,NA,NA,NA,NA,NA
NA,NA,NA,NA,NA,NA,NA,NA,NA,NA,NA,NA,NA,NA,NA,NA,NA,NA,NA,NA,NA,NA,NA,NA,NA,NA,NA,NA,NA,NA,NA,NA,NA,NA,NA,NA,NA,NA,NA,"TUNDERSTORM WIND",NA,NA,NA,NA,NA,NA,NA,NA,NA,NA
NA,NA,NA,NA,NA,NA,NA,NA,NA,NA,NA,NA,NA,NA,NA,NA,NA,NA,NA,NA,NA,NA,NA,NA,NA,NA,NA,NA,NA,NA,NA,NA,NA,NA,NA,NA,NA,NA,NA,"WAKE LOW WIND",NA,NA,NA,NA,NA,NA,NA,NA,NA,NA
NA,NA,NA,NA,NA,NA,NA,NA,NA,NA,NA,NA,NA,NA,NA,NA,NA,NA,NA,NA,NA,NA,NA,NA,NA,NA,NA,NA,NA,NA,NA,NA,NA,NA,NA,NA,NA,NA,NA,"WALL CLOUD",NA,NA,NA,NA,NA,NA,NA,NA,NA,NA
